employee_id,first_name,last_name,gender,date_of_birth,job_title,department,hire_date,email,salary
1,Anet,Cradoc,Female,3/13/1950,Paralegal,Marketing,1/8/2021,acradoc0@imageshack.us,3325570
2,Antonietta,Ludee,Female,5/25/1990,Data Coordinator,Engineering,10/10/2018,aludee1@icio.us,5764611
3,Glenna,Antonovic,Female,2/12/1953,Senior Developer,Research and Development,11/3/2016,gantonovic2@nbcnews.com,3908044
4,Ulrica,MacAskill,Female,10/7/1988,Web Designer III,Training,1/27/2010,umacaskill3@marriott.com,6589284
5,Elijah,Vaudin,Male,8/9/1977,Developer II,Legal,12/14/2017,evaudin4@clickbank.net,4532656
6,Sharline,Avrahamoff,Female,2/8/1980,Graphic Designer,Training,8/10/2019,savrahamoff5@icio.us,7572147
7,Gena,O'Daly,Female,11/26/1968,Geologist II,Sales,9/23/2018,godaly6@youku.com,8932175
8,Mandie,Kiloh,Female,7/18/1980,Account Coordinator,Research and Development,9/8/2010,mkiloh7@google.it,6402763
9,Carver,Gun,Male,8/2/1953,Human Resources Assistant III,Research and Development,10/7/2011,cgun8@domainmarket.com,4652555
10,Cirillo,Curley,Male,6/23/1971,Administrative Officer,Marketing,6/10/2021,ccurley9@mayoclinic.com,3805541
11,Chastity,Dawidowitsch,Female,10/31/1999,Developer III,Product Management,2/19/2018,cdawidowitscha@liveinternet.ru,2067554
12,Shir,Trinkwon,Female,1/27/1966,Teacher,Marketing,5/28/2014,strinkwonb@so-net.ne.jp,4222378
13,Bendicty,Cornewall,Male,12/16/1985,Systems Administrator I,Human Resources,9/20/2011,bcornewallc@people.com.cn,2590831
14,Loraine,Edelheit,Female,10/7/1986,Payment Adjustment Coordinator,Support,4/20/2018,ledelheitd@nih.gov,224164
15,Frederik,Densumbe,Male,3/20/1962,Pharmacist,Human Resources,6/7/2016,fdensumbee@bizjournals.com,4105020
16,Lyndsie,Boness,Female,1/10/1998,Desktop Support Technician,Product Management,5/22/2015,lbonessf@illinois.edu,7260265
17,Ernestine,Sparway,Female,7/13/1978,Sales Associate,Training,11/11/2020,esparwayg@paypal.com,2229466
18,Samuele,Wheelan,Male,3/15/1978,Administrative Officer,Research and Development,7/9/2014,swheelanh@google.com,8361487
19,Yvon,Wickins,Bigender,2/25/1950,Media Manager IV,Training,6/18/2014,ywickinsi@cam.ac.uk,612728
20,Chen,Oseland,Male,2/17/1988,Senior Developer,Support,7/14/2020,coselandj@altervista.org,4212069
21,Bronny,Brandsma,Male,8/14/1980,Analog Circuit Design manager,Training,4/30/2015,bbrandsmak@mapquest.com,4078651
22,Dixie,Hildrew,Female,7/8/1952,Media Manager II,Accounting,11/10/2014,dhildrewl@spiegel.de,9397511
23,Mae,Wiskar,Female,9/28/1987,Information Systems Manager,Business Development,4/4/2021,mwiskarm@freewebs.com,2800547
24,Clywd,Berkowitz,Male,3/12/1959,Paralegal,Legal,6/7/2018,cberkowitzn@google.pl,5412255
25,Alexio,Odhams,Male,10/23/1965,Environmental Specialist,Business Development,11/2/2015,aodhamso@nba.com,267313
26,Noel,Otham,Male,11/24/1994,Tax Accountant,Marketing,4/24/2016,nothamp@privacy.gov.au,6331568
27,Terrijo,Le Grys,Female,1/8/1983,Associate Professor,Training,8/27/2012,tlegrysq@youku.com,8501079
28,Mathian,Gorghetto,Male,7/1/1994,Electrical Engineer,Engineering,6/21/2012,mgorghettor@liveinternet.ru,969414
29,Kort,Theze,Male,5/7/1976,Senior Developer,Business Development,4/28/2011,kthezes@a8.net,3851278
30,Shea,Moogan,Female,8/17/1985,Research Assistant III,Product Management,10/20/2017,smoogant@wufoo.com,2488324
31,Camella,Lissimore,Female,1/29/1985,VP Sales,Product Management,4/11/2012,clissimoreu@buzzfeed.com,2019388
32,Steward,Veasey,Male,9/24/1956,Professor,Legal,2/2/2018,sveaseyv@com.com,2402965
33,Niall,Cunradi,Male,4/16/1998,Cost Accountant,Marketing,7/13/2011,ncunradiw@springer.com,5668736
34,Gisella,Culverhouse,Female,9/21/1954,Web Developer II,Services,11/19/2021,gculverhousex@de.vu,396229
35,Perry,Simonyi,Male,12/26/1983,Research Assistant III,Product Management,7/29/2019,psimonyiy@businessinsider.com,4925634
36,Trumann,Bartosek,Male,4/30/1998,Quality Control Specialist,Support,12/1/2010,tbartosekz@microsoft.com,2025330
37,Lydon,Sterrick,Male,9/13/1976,Design Engineer,Product Management,1/1/2011,lsterrick10@flickr.com,6088275
38,Zacherie,Feltham,Male,5/15/1995,Technical Writer,Marketing,11/27/2013,zfeltham11@cbslocal.com,5350027
39,Germayne,Rothschild,Male,9/29/1972,Database Administrator III,Business Development,5/4/2014,grothschild12@gizmodo.com,2286170
40,Beatriz,Dalrymple,Female,9/7/1989,Staff Scientist,Sales,1/19/2010,bdalrymple13@hp.com,561344
41,Loria,Betton,Female,1/23/1985,Director of Sales,Support,12/8/2013,lbetton14@sina.com.cn,5026188
42,Wynny,Leythley,Female,1/24/1970,Tax Accountant,Sales,12/29/2017,wleythley15@biglobe.ne.jp,2569011
43,Kore,Howles,Female,3/14/1967,Human Resources Manager,Business Development,8/23/2012,khowles16@vk.com,2660525
44,Henrik,Greder,Genderfluid,10/16/1972,Developer III,Accounting,1/13/2012,hgreder17@tamu.edu,4456154
45,Mallorie,Blaszczyk,Female,12/22/1958,Design Engineer,Training,4/22/2021,mblaszczyk18@hexun.com,2031048
46,Sherm,Mallon,Male,2/1/1997,Accountant II,Engineering,4/4/2010,smallon19@desdev.cn,8084920
47,Willamina,Wyon,Female,7/27/1971,Administrative Assistant I,Marketing,6/3/2011,wwyon1a@cnn.com,8148858
48,Trevor,Sollowaye,Male,9/20/1980,Community Outreach Specialist,Engineering,4/25/2013,tsollowaye1b@bravesites.com,3802474
49,Adria,Hebblewaite,Female,10/8/1976,Web Developer IV,Human Resources,1/19/2020,ahebblewaite1c@acquirethisname.com,8253869
50,Salvador,Flucker,Male,5/4/1978,Media Manager II,Legal,12/5/2012,sflucker1d@loc.gov,669710
51,Des,O'Kennavain,Male,7/15/1965,Community Outreach Specialist,Accounting,7/22/2013,dokennavain1e@naver.com,7725697
52,Reginald,Denton,Male,5/21/1968,Compensation Analyst,Sales,6/2/2013,rdenton1f@tmall.com,9037045
53,Clive,Tinn,Male,10/11/1989,Accounting Assistant II,Accounting,4/27/2020,ctinn1g@blinklist.com,3021687
54,Kennan,Blakeley,Male,10/29/1979,VP Sales,Product Management,4/4/2018,kblakeley1h@ebay.com,3387572
55,Brook,Ingon,Male,12/12/1956,Analyst Programmer,Research and Development,6/12/2015,bingon1i@alibaba.com,4454372
56,Godiva,Fidgeon,Female,12/7/1957,Project Manager,Marketing,9/4/2019,gfidgeon1j@cbslocal.com,814313
57,Emelita,Latus,Female,9/21/1961,Structural Analysis Engineer,Engineering,1/31/2017,elatus1k@eventbrite.com,2428690
58,Augustus,Streetley,Male,5/28/1985,Sales Representative,Accounting,7/5/2017,astreetley1l@comcast.net,4432161
59,Orsa,Mastrantone,Female,6/14/1994,Research Associate,Marketing,9/4/2011,omastrantone1m@virginia.edu,6416123
60,Tybi,Farra,Female,6/5/1978,Media Manager III,Support,12/23/2016,tfarra1n@tiny.cc,4217783
61,Dennet,Connerly,Male,2/24/1975,Developer III,Marketing,6/30/2014,dconnerly1o@zimbio.com,240120
62,Lilias,Haswall,Female,2/5/1954,Nurse,Accounting,6/16/2021,lhaswall1p@freewebs.com,7611945
63,Trish,Sibbering,Female,5/21/1989,VP Marketing,Human Resources,12/10/2016,tsibbering1q@blinklist.com,5484352
64,Natale,Cornfoot,Male,6/3/1994,Recruiting Manager,Product Management,4/15/2011,ncornfoot1r@comcast.net,6618495
65,Mary,Bricket,Female,1/30/1996,Assistant Manager,Human Resources,6/4/2018,mbricket1s@tinypic.com,840657
66,Caye,Reyna,Female,7/16/1990,Desktop Support Technician,Services,10/8/2014,creyna1t@plala.or.jp,7325402
67,Dyan,Morshead,Female,4/5/1977,Research Associate,Research and Development,11/7/2014,dmorshead1u@ihg.com,2161513
68,Codie,Hilley,Male,10/25/1956,Graphic Designer,Engineering,12/21/2010,chilley1v@latimes.com,7770251
69,Gayel,Dalgliesh,Female,8/17/1973,Recruiter,Business Development,6/21/2010,gdalgliesh1w@utexas.edu,5631615
70,Eugenio,Slinn,Male,5/16/1999,Developer II,Product Management,1/24/2011,eslinn1x@tamu.edu,8014391
71,Isabella,Dary,Female,11/6/1950,Occupational Therapist,Engineering,7/10/2019,idary1y@nationalgeographic.com,2986108
72,Judah,Davey,Male,2/14/1958,Safety Technician II,Product Management,11/14/2018,jdavey1z@cnet.com,4867298
73,Kizzee,Cranke,Female,9/28/1958,Web Developer II,Sales,5/2/2013,kcranke20@discuz.net,4387614
74,Patsy,Belliard,Male,9/29/1985,Senior Financial Analyst,Legal,11/15/2018,pbelliard21@unc.edu,8873817
75,Ofilia,Rowntree,Agender,8/15/1966,Legal Assistant,Sales,9/30/2017,orowntree22@gmpg.org,4478742
76,Arnuad,Barbey,Male,12/31/1961,Dental Hygienist,Legal,4/19/2014,abarbey23@ifeng.com,9128045
77,Humfrid,McConway,Male,8/16/1963,Environmental Tech,Services,3/13/2010,hmcconway24@google.pl,547271
78,Babs,Pammenter,Female,9/28/1964,Human Resources Manager,Human Resources,12/28/2017,bpammenter25@geocities.com,4365302
79,Amble,Dongles,Male,8/13/1970,Teacher,Support,1/2/2019,adongles26@theguardian.com,5790502
80,Tildi,Tockell,Bigender,8/27/1977,Legal Assistant,Legal,2/6/2016,ttockell27@yolasite.com,9855156
81,Lionel,Duckham,Male,6/16/1972,Staff Scientist,Marketing,4/22/2016,lduckham28@harvard.edu,8399537
82,Skipp,Bricklebank,Male,8/15/1966,Senior Editor,Support,12/27/2020,sbricklebank29@rakuten.co.jp,8213680
83,Georgena,Toman,Female,7/27/1954,Civil Engineer,Product Management,11/16/2013,gtoman2a@lycos.com,1405254
84,Annissa,Franzoli,Female,12/13/1993,Developer II,Marketing,6/26/2012,afranzoli2b@edublogs.org,2486133
85,Winny,MacGaughy,Male,5/17/1986,Help Desk Technician,Product Management,10/21/2021,wmacgaughy2c@4shared.com,4609150
86,Cosmo,Kyston,Male,1/16/1984,Recruiter,Accounting,3/30/2011,ckyston2d@surveymonkey.com,4379400
87,Charmion,Moule,Female,3/1/1993,Sales Associate,Engineering,7/31/2011,cmoule2e@unicef.org,629627
88,Oswald,Wraxall,Male,11/21/1964,Environmental Tech,Sales,12/19/2021,owraxall2f@list-manage.com,6795379
89,Peg,Lalor,Female,10/13/1985,Clinical Specialist,Legal,12/14/2010,plalor2g@tuttocitta.it,4447151
90,Merwin,Vautrey,Agender,11/29/1967,Recruiting Manager,Services,2/18/2020,mvautrey2h@discovery.com,306100
91,Mart,Gealle,Male,6/26/1958,Legal Assistant,Legal,12/5/2016,mgealle2i@shutterfly.com,9341954
92,Ichabod,Dury,Male,11/21/1959,Food Chemist,Business Development,1/13/2017,idury2j@wisc.edu,3475506
93,Cherise,Such,Female,9/30/1956,VP Accounting,Product Management,10/13/2021,csuch2k@usa.gov,270644
94,Davina,Greber,Female,8/26/1956,Assistant Manager,Marketing,11/9/2013,dgreber2l@deliciousdays.com,503401
95,Patsy,Schreurs,Female,1/19/1959,VP Marketing,Human Resources,4/3/2018,pschreurs2m@imgur.com,3723674
96,Lynette,Fassmann,Female,8/28/1987,VP Sales,Human Resources,7/17/2018,lfassmann2n@wikia.com,3920457
97,Colman,Holston,Male,9/5/1995,Office Assistant IV,Support,5/11/2020,cholston2o@ihg.com,9668520
98,Talbert,Capey,Male,10/13/1985,Human Resources Assistant III,Training,7/17/2013,tcapey2p@xing.com,8048981
99,Zachary,Allebone,Male,12/22/1985,Product Engineer,Support,10/31/2018,zallebone2q@ftc.gov,1410108
100,Silvester,Cheel,Male,8/1/1975,Teacher,Business Development,2/20/2018,scheel2r@canalblog.com,4434913
101,Shandeigh,Morey,Female,10/6/1956,Automation Specialist I,Training,3/13/2015,smorey2s@ox.ac.uk,5294132
102,Forrester,Bickerdyke,Male,1/11/1983,Project Manager,Human Resources,11/2/2019,fbickerdyke2t@last.fm,2744456
103,Solomon,Abrehart,Male,4/4/1960,Biostatistician I,Accounting,9/3/2016,sabrehart2u@redcross.org,7113429
104,Mollie,Henriet,Agender,3/31/1950,Quality Control Specialist,Business Development,1/4/2018,mhenriet2v@xinhuanet.com,1985943
105,Orelle,Elijahu,Female,5/9/1995,Quality Control Specialist,Product Management,12/23/2017,oelijahu2w@acquirethisname.com,4402727
106,Thorny,Matejka,Male,4/20/1965,Geological Engineer,Accounting,4/22/2010,tmatejka2x@bloglovin.com,1211278
107,Fernande,Ballister,Female,8/1/1972,Staff Accountant II,Accounting,11/14/2012,fballister2y@rediff.com,3168569
108,Penn,McKie,Male,6/14/1958,Nurse Practicioner,Services,10/11/2013,pmckie2z@ycombinator.com,9818200
109,Gelya,Darbey,Genderfluid,8/7/1984,Database Administrator II,Research and Development,8/4/2011,gdarbey30@reuters.com,9371439
110,Riki,Stephens,Female,10/11/1986,Senior Editor,Training,8/15/2016,rstephens31@jigsy.com,9574673
111,Grenville,Gawthorp,Genderfluid,6/8/1977,Help Desk Technician,Engineering,8/29/2021,ggawthorp32@slashdot.org,2092074
112,Fields,Woodcock,Male,5/20/1985,Senior Quality Engineer,Training,10/10/2011,fwoodcock33@jalbum.net,709226
113,Natal,Althrop,Male,6/18/1956,Product Engineer,Legal,4/5/2017,nalthrop34@cmu.edu,3647306
114,Odella,Pury,Female,10/31/1965,Statistician I,Human Resources,12/19/2017,opury35@networkadvertising.org,2134690
115,Bertie,Grumell,Male,7/16/1994,Physical Therapy Assistant,Training,8/13/2020,bgrumell36@domainmarket.com,596085
116,Demeter,Clausen-Thue,Bigender,11/18/1959,Desktop Support Technician,Product Management,8/12/2012,dclausenthue37@pcworld.com,8642998
117,Lynda,Mandry,Female,10/31/1995,Legal Assistant,Product Management,10/6/2021,lmandry38@163.com,1599066
118,Ninnetta,Luberto,Female,7/10/1979,Assistant Media Planner,Marketing,5/12/2018,nluberto39@live.com,4871194
119,Megen,MacConnel,Female,4/5/1974,Assistant Media Planner,Accounting,3/14/2014,mmacconnel3a@addtoany.com,1378664
120,Anneliese,Durbin,Female,6/21/1989,Senior Sales Associate,Legal,12/3/2012,adurbin3b@pagesperso-orange.fr,4806486
121,Jared,Dwine,Male,5/9/1993,Database Administrator I,Training,10/6/2013,jdwine3c@alibaba.com,6973064
122,Brewster,Mewett,Male,1/25/1951,Sales Representative,Human Resources,9/16/2014,bmewett3d@theatlantic.com,6495792
123,Merridie,Olrenshaw,Genderqueer,1/9/1961,Staff Accountant I,Marketing,11/1/2020,molrenshaw3e@wikispaces.com,4625680
124,Christye,Ruggier,Female,1/30/1976,Payment Adjustment Coordinator,Research and Development,10/11/2010,cruggier3f@instagram.com,1123817
125,Ivonne,Biermatowicz,Female,12/11/1967,Senior Developer,Marketing,7/14/2016,ibiermatowicz3g@vinaora.com,7074937
126,Vincenz,Domb,Male,9/18/1984,Graphic Designer,Marketing,7/29/2015,vdomb3h@ifeng.com,4538022
127,Deane,Thickins,Female,8/31/1956,Junior Executive,Training,12/3/2021,dthickins3i@stumbleupon.com,8470961
128,Hermann,Waliszek,Male,7/31/1964,Biostatistician I,Product Management,8/1/2020,hwaliszek3j@statcounter.com,8218838
129,Penni,Elvish,Female,7/25/1957,VP Accounting,Support,7/20/2019,pelvish3k@ox.ac.uk,3099226
130,Gearalt,Diviny,Male,7/7/1976,Chief Design Engineer,Business Development,8/31/2010,gdiviny3l@zdnet.com,203598
131,Jo,Strangward,Male,10/17/1963,Librarian,Training,12/13/2010,jstrangward3m@networksolutions.com,7057488
132,Valma,Allchorn,Genderfluid,12/13/1971,Associate Professor,Services,8/23/2020,vallchorn3n@sakura.ne.jp,5103920
133,Florette,Waye,Female,3/1/1990,Tax Accountant,Engineering,1/19/2015,fwaye3o@pcworld.com,3721302
134,Concettina,Guinan,Female,11/13/1978,Mechanical Systems Engineer,Product Management,6/7/2015,cguinan3p@npr.org,1331608
135,Caresse,Shirtcliffe,Female,12/4/1971,Business Systems Development Analyst,Services,11/17/2020,cshirtcliffe3q@wix.com,8390033
136,Cece,Le Noire,Male,11/17/1963,Cost Accountant,Sales,9/23/2010,clenoire3r@taobao.com,597380
137,Jaynell,Ilden,Female,8/5/1991,Registered Nurse,Legal,8/26/2012,jilden3s@google.com.au,7784283
138,Bartlett,Tirkin,Male,11/10/1999,Media Manager I,Engineering,3/31/2014,btirkin3t@usnews.com,6825912
139,Cyrillus,Burnsyde,Male,10/23/1968,Software Consultant,Services,4/4/2016,cburnsyde3u@youtube.com,6362037
140,Milton,Jelphs,Male,7/31/1985,Project Manager,Product Management,7/17/2017,mjelphs3v@biglobe.ne.jp,7855931
141,Chad,Bugge,Male,5/19/1981,Systems Administrator IV,Marketing,5/16/2011,cbugge3w@accuweather.com,3425992
142,Clayton,Ilem,Male,3/21/1961,Account Coordinator,Engineering,2/19/2020,cilem3x@dyndns.org,2669140
143,Davey,Jewkes,Male,10/31/1953,Nurse Practicioner,Marketing,2/23/2015,djewkes3y@un.org,3502207
144,Ede,Philo,Female,10/27/1970,Librarian,Research and Development,11/19/2011,ephilo3z@usda.gov,6216293
145,Olivette,Spores,Female,8/7/1991,Engineer IV,Research and Development,11/3/2016,ospores40@auda.org.au,8975472
146,Veronika,Madre,Female,11/18/1979,Junior Executive,Support,8/3/2015,vmadre41@adobe.com,6350502
147,Billie,Hooks,Male,1/29/1951,Marketing Manager,Human Resources,11/30/2019,bhooks42@histats.com,9321730
148,Jessica,Svanini,Polygender,5/14/1964,VP Marketing,Marketing,6/8/2021,jsvanini43@google.com,4894354
149,Clement,Tutill,Male,11/28/1980,Nurse,Engineering,3/17/2018,ctutill44@jugem.jp,1469703
150,Tynan,Liepins,Bigender,12/17/1966,Occupational Therapist,Legal,2/15/2016,tliepins45@netlog.com,5519474
151,Ollie,McClounan,Female,11/7/1976,Social Worker,Services,1/31/2010,omcclounan46@nature.com,783315
152,Hallie,Snodden,Female,4/27/1977,Speech Pathologist,Sales,9/20/2015,hsnodden47@usgs.gov,2832769
153,Janelle,Hopfner,Female,8/15/1985,Senior Cost Accountant,Marketing,7/26/2011,jhopfner48@soundcloud.com,707369
154,Noel,Lamey,Male,2/8/1955,Cost Accountant,Engineering,11/30/2016,nlamey49@mtv.com,5599801
155,Griffin,Vinau,Male,6/29/1991,Librarian,Training,10/5/2013,gvinau4a@princeton.edu,4077746
156,Oberon,Swanbourne,Male,12/13/1995,Senior Editor,Sales,12/28/2015,oswanbourne4b@umich.edu,344378
157,Layney,Sigars,Female,1/16/1967,Chief Design Engineer,Product Management,2/12/2010,lsigars4c@wikipedia.org,6212289
158,Gianni,Ropp,Male,6/24/1973,Senior Sales Associate,Research and Development,12/16/2018,gropp4d@51.la,6251197
159,Miriam,Greggersen,Female,1/9/1970,Senior Developer,Product Management,5/12/2021,mgreggersen4e@booking.com,5962389
160,Kelsey,Alves,Male,4/2/1980,Database Administrator III,Product Management,9/9/2019,kalves4f@hhs.gov,1656058
161,Lianna,Spanswick,Female,4/15/1989,Design Engineer,Support,4/7/2016,lspanswick4g@bbc.co.uk,7657023
162,Marlie,Dulake,Female,11/18/1964,Cost Accountant,Engineering,3/25/2014,mdulake4h@boston.com,7704432
163,Tonia,Easum,Female,11/17/1959,Research Associate,Human Resources,4/27/2018,teasum4i@mapquest.com,7875858
164,Doria,Adami,Female,6/10/1963,Marketing Manager,Human Resources,5/20/2012,dadami4j@nifty.com,2523136
165,Quinta,Corke,Female,6/3/1956,Nuclear Power Engineer,Legal,12/8/2016,qcorke4k@123-reg.co.uk,2995024
166,Ollie,Bozworth,Female,3/28/1956,Chief Design Engineer,Business Development,1/22/2018,obozworth4l@cbslocal.com,4638421
167,Elissa,Gauvin,Polygender,5/7/1985,Design Engineer,Marketing,3/13/2014,egauvin4m@nsw.gov.au,9308550
168,Akim,Daymond,Male,12/1/1959,Pharmacist,Support,7/22/2018,adaymond4n@instagram.com,6829190
169,Joella,Garmans,Female,6/24/1980,Sales Representative,Support,2/25/2018,jgarmans4o@google.es,146781
170,Tami,Abley,Female,6/18/1964,Software Test Engineer III,Accounting,11/26/2021,tabley4p@twitter.com,7252798
171,Hinze,Sancias,Male,4/12/1952,Office Assistant IV,Sales,1/19/2019,hsancias4q@blogspot.com,5207074
172,Elinor,Hakonsen,Female,8/25/1961,Administrative Officer,Engineering,6/24/2013,ehakonsen4r@adobe.com,5964762
173,Lilli,MacGiffin,Bigender,5/26/1962,Analog Circuit Design manager,Accounting,5/15/2020,lmacgiffin4s@gov.uk,6707550
174,Francklyn,Joskowitz,Male,10/10/1953,Research Nurse,Training,3/3/2012,fjoskowitz4t@apple.com,4315592
175,Milissent,Crab,Female,4/25/1955,Internal Auditor,Marketing,12/6/2021,mcrab4u@examiner.com,5072569
176,Madeline,Tregido,Female,5/13/1961,Associate Professor,Human Resources,7/17/2016,mtregido4v@columbia.edu,2103186
177,Gabriell,Djakovic,Female,12/16/1970,Junior Executive,Business Development,5/6/2013,gdjakovic4w@vkontakte.ru,4938084
178,Willette,Ferrarello,Female,6/11/1973,Financial Analyst,Support,9/13/2014,wferrarello4x@ycombinator.com,1511703
179,Sukey,Adess,Female,10/10/1965,Editor,Marketing,6/29/2011,sadess4y@nymag.com,158072
180,Cindie,Jennery,Female,10/18/1967,Web Developer I,Sales,5/21/2016,cjennery4z@wordpress.org,9260862
181,Lenee,Ozanne,Female,12/3/1995,Financial Advisor,Services,12/17/2012,lozanne50@hc360.com,1571185
182,Rosabel,Risom,Female,4/9/1997,VP Quality Control,Product Management,12/21/2014,rrisom51@flavors.me,3597006
183,Scarface,Heeps,Male,7/23/1976,Environmental Tech,Services,4/12/2012,sheeps52@163.com,1306677
184,Laura,Sterte,Female,10/15/1980,Actuary,Accounting,10/3/2010,lsterte53@plala.or.jp,2762964
185,Erna,Paton,Female,10/13/1978,Payment Adjustment Coordinator,Services,2/1/2017,epaton54@google.cn,8151423
186,Jacques,Shillabear,Male,2/17/1987,Statistician IV,Legal,5/20/2010,jshillabear55@time.com,6112014
187,Brenna,Jeal,Female,2/16/1964,Quality Control Specialist,Accounting,7/30/2015,bjeal56@mapy.cz,8357978
188,Jobye,Horsley,Female,7/19/1992,Senior Financial Analyst,Business Development,5/13/2016,jhorsley57@studiopress.com,5697569
189,Letta,Roblou,Female,9/17/1950,Graphic Designer,Accounting,5/29/2020,lroblou58@squarespace.com,7050827
190,Cristobal,Piscotti,Male,11/21/1969,Senior Quality Engineer,Services,3/4/2017,cpiscotti59@photobucket.com,2220892
191,Dugald,Songust,Male,8/17/1950,Environmental Tech,Marketing,12/27/2010,dsongust5a@mit.edu,1540330
192,Judon,Pargiter,Male,7/14/1957,Executive Secretary,Support,3/3/2021,jpargiter5b@house.gov,3352780
193,Jared,Degoy,Male,10/20/1951,Safety Technician III,Support,5/8/2019,jdegoy5c@squarespace.com,7028091
194,Marcela,Lapworth,Female,6/21/1968,Sales Representative,Research and Development,3/30/2020,mlapworth5d@multiply.com,1289507
195,Mellisent,Fealey,Female,12/6/1990,Physical Therapy Assistant,Marketing,12/6/2015,mfealey5e@etsy.com,2177931
196,Domenic,Ciccottio,Male,12/12/1988,Accountant IV,Sales,9/10/2010,dciccottio5f@goo.gl,3440180
197,Jillana,Nettleship,Female,7/4/1995,Structural Analysis Engineer,Accounting,10/30/2015,jnettleship5g@dropbox.com,6413003
198,Dorolice,Callacher,Female,11/22/1980,Geological Engineer,Marketing,8/20/2010,dcallacher5h@columbia.edu,1830739
199,Arlie,Jelfs,Genderqueer,5/10/1980,GIS Technical Architect,Services,3/29/2019,ajelfs5i@businessinsider.com,9728532
200,Porter,Piddle,Male,8/28/1956,Desktop Support Technician,Business Development,8/26/2021,ppiddle5j@zdnet.com,7049796
201,Ashley,Pinkney,Genderqueer,10/19/1953,Financial Advisor,Support,10/12/2016,apinkney5k@sciencedirect.com,7111160
202,Kira,Towriss,Female,2/18/1990,Financial Analyst,Research and Development,8/31/2014,ktowriss5l@tamu.edu,8580323
203,Deny,Millhouse,Female,5/11/1967,Legal Assistant,Human Resources,5/11/2020,dmillhouse5m@geocities.jp,115657
204,Suki,Gurr,Polygender,8/1/1954,Senior Cost Accountant,Marketing,4/7/2014,sgurr5n@bloglines.com,2942863
205,Berry,Revey,Female,3/16/1993,Food Chemist,Training,11/18/2010,brevey5o@biglobe.ne.jp,1845331
206,Fan,Bromage,Female,3/23/1969,Design Engineer,Sales,1/8/2013,fbromage5p@hexun.com,7529491
207,Laurena,Nevins,Female,10/3/1998,Developer III,Accounting,7/4/2013,lnevins5q@php.net,3662740
208,Dacie,Pordal,Female,11/23/1977,Developer IV,Research and Development,5/22/2021,dpordal5r@ovh.net,7429138
209,Edithe,McGahy,Female,2/15/1994,Web Developer II,Services,11/17/2011,emcgahy5s@plala.or.jp,7815361
210,Susanna,Delnevo,Female,5/27/1986,Research Nurse,Product Management,6/30/2019,sdelnevo5t@php.net,8618840
211,Jeth,Missington,Male,7/28/1983,Information Systems Manager,Engineering,8/2/2015,jmissington5u@wikipedia.org,4241723
212,Dalt,Pepye,Male,10/17/1990,Financial Analyst,Marketing,11/25/2016,dpepye5v@who.int,3022494
213,Rozanna,Lumm,Female,3/12/1996,Physical Therapy Assistant,Legal,5/16/2011,rlumm5w@linkedin.com,1499606
214,Caryl,Shatliffe,Male,1/2/1957,VP Quality Control,Product Management,10/28/2011,cshatliffe5x@taobao.com,2378858
215,Cara,Pallent,Female,1/10/1976,Staff Accountant IV,Human Resources,10/24/2013,cpallent5y@zimbio.com,5890403
216,Neille,Boughey,Female,8/13/1994,Web Designer IV,Product Management,9/27/2013,nboughey5z@smugmug.com,7221299
217,Perkin,Skill,Agender,11/7/1951,Accountant IV,Human Resources,3/13/2018,pskill60@imdb.com,5008081
218,Markos,Goodricke,Male,12/14/1985,Paralegal,Research and Development,7/12/2012,mgoodricke61@engadget.com,3775435
219,Karissa,Adlard,Female,2/13/1968,Research Associate,Support,12/12/2020,kadlard62@sbwire.com,2013332
220,Ogdon,Siccombe,Genderfluid,5/8/1978,VP Quality Control,Legal,8/9/2016,osiccombe63@google.pl,6545843
221,Annaliese,Haet,Female,8/4/1955,Pharmacist,Marketing,11/20/2021,ahaet64@mediafire.com,617813
222,Gennifer,Ullyatt,Female,9/21/1974,Administrative Officer,Sales,8/8/2015,gullyatt65@yelp.com,464790
223,Esdras,Vassay,Male,10/31/1955,Clinical Specialist,Human Resources,12/7/2020,evassay66@hibu.com,9248143
224,Kingsley,Mordaunt,Male,4/20/1977,Software Consultant,Services,12/2/2010,kmordaunt67@msu.edu,1954794
225,Donelle,Karim,Female,10/22/1987,Geologist III,Accounting,11/15/2014,dkarim68@trellian.com,5030081
226,Hart,Wenham,Male,5/9/1967,Research Assistant I,Sales,7/2/2010,hwenham69@house.gov,1093764
227,Maiga,Shapiro,Female,1/8/1959,Human Resources Manager,Legal,4/4/2015,mshapiro6a@squidoo.com,5454588
228,Shirline,Teasdale,Female,2/18/1957,Speech Pathologist,Sales,6/15/2017,steasdale6b@businessinsider.com,8366051
229,Eleni,Kenshole,Female,8/20/1950,Clinical Specialist,Training,12/31/2014,ekenshole6c@mlb.com,2209636
230,Ariella,MacConchie,Female,5/19/1992,Design Engineer,Marketing,12/25/2021,amacconchie6d@nasa.gov,5342093
231,Kerr,Eilert,Male,2/25/1973,Geological Engineer,Accounting,10/10/2021,keilert6e@sakura.ne.jp,581420
232,Corabelle,Skellington,Female,5/12/1966,Senior Quality Engineer,Human Resources,3/3/2017,cskellington6f@tamu.edu,8054114
233,Jenn,Konerding,Female,7/19/1988,Accountant IV,Services,4/21/2015,jkonerding6g@comsenz.com,2845632
234,Carrol,Darbishire,Male,6/21/1996,Programmer Analyst IV,Marketing,1/8/2020,cdarbishire6h@edublogs.org,2452755
235,Evelyn,Caiger,Male,2/24/1977,Senior Financial Analyst,Business Development,9/24/2015,ecaiger6i@51.la,5891123
236,Jeffrey,Ough,Male,7/9/1988,Tax Accountant,Services,7/28/2011,jough6j@dot.gov,2763114
237,Ezekiel,Tivolier,Male,5/7/1983,Senior Cost Accountant,Services,6/16/2021,etivolier6k@ameblo.jp,7014389
238,Web,Deaves,Polygender,1/8/1963,Human Resources Manager,Human Resources,12/4/2010,wdeaves6l@google.fr,6720997
239,Dominik,Purnell,Male,12/23/1985,Operator,Marketing,11/18/2012,dpurnell6m@instagram.com,2895317
240,Valeria,Redmore,Female,1/29/1953,Nurse,Engineering,9/1/2016,vredmore6n@mapquest.com,6188540
241,Jaclin,Feldhorn,Female,6/8/1959,Social Worker,Legal,1/14/2010,jfeldhorn6o@msu.edu,7642848
242,Carson,Copo,Male,1/7/1964,Data Coordinator,Training,11/12/2021,ccopo6p@senate.gov,3072834
243,Karlan,Reith,Male,1/19/1951,Web Designer III,Business Development,8/22/2012,kreith6q@patch.com,3908418
244,Davy,Flode,Male,3/3/1977,Financial Analyst,Legal,5/16/2014,dflode6r@icio.us,4609010
245,Aluino,Arrundale,Male,6/15/1980,Systems Administrator III,Engineering,4/30/2014,aarrundale6s@theglobeandmail.com,1376478
246,Zachariah,Hebbron,Male,9/16/1991,VP Product Management,Product Management,3/28/2021,zhebbron6t@gravatar.com,5870362
247,Dov,Chattelaine,Male,7/11/1965,Clinical Specialist,Accounting,11/26/2020,dchattelaine6u@wordpress.org,469636
248,Melodee,Arch,Female,12/5/1987,General Manager,Engineering,8/1/2011,march6v@netvibes.com,7115272
249,Alexandros,Freckelton,Male,10/29/1952,Analyst Programmer,Support,7/31/2019,afreckelton6w@360.cn,1758649
250,Allix,Musk,Female,8/13/1952,Structural Engineer,Business Development,1/8/2021,amusk6x@seesaa.net,6755107
251,Prent,Yakovitch,Male,6/21/1970,Junior Executive,Human Resources,2/2/2014,pyakovitch6y@artisteer.com,4460163
252,Alwyn,Luberto,Male,5/14/1994,Technical Writer,Engineering,9/10/2014,aluberto6z@businesswire.com,8498062
253,Sib,Nosworthy,Genderqueer,4/21/1961,Physical Therapy Assistant,Business Development,1/18/2020,snosworthy70@free.fr,1602979
254,Wallis,Heart,Male,3/26/1969,Director of Sales,Legal,1/28/2014,wheart71@usatoday.com,1446130
255,Gayelord,Klemps,Male,10/21/1982,Design Engineer,Research and Development,4/10/2016,gklemps72@go.com,3916748
256,Preston,Broster,Male,2/25/1999,Help Desk Technician,Legal,5/22/2014,pbroster73@noaa.gov,7949380
257,Chrisse,Hoggan,Male,1/22/1954,Cost Accountant,Legal,6/5/2010,choggan74@mysql.com,9312186
258,Hershel,Saladine,Agender,8/20/1953,Account Coordinator,Training,6/21/2013,hsaladine75@businessweek.com,7951201
259,Cirillo,Dominka,Male,12/19/1985,Recruiter,Sales,5/30/2019,cdominka76@weibo.com,5112599
260,Erek,Dank,Male,1/31/1965,Research Assistant IV,Research and Development,6/6/2015,edank77@wordpress.com,9352070
261,Lawton,Turland,Male,3/30/1968,Research Nurse,Product Management,9/22/2018,lturland78@slashdot.org,1686336
262,Normie,Raper,Male,9/17/1965,Project Manager,Support,11/1/2011,nraper79@amazon.co.jp,2518183
263,Rivy,Eymor,Polygender,4/24/1991,Nuclear Power Engineer,Services,10/9/2013,reymor7a@cmu.edu,7513076
264,Westbrook,Brik,Male,9/14/1998,Administrative Officer,Product Management,5/9/2016,wbrik7b@columbia.edu,3671332
265,Sindee,Capeloff,Female,10/1/1950,Nurse,Engineering,2/18/2010,scapeloff7c@typepad.com,1237036
266,Kariotta,Daid,Female,11/21/1985,Statistician II,Product Management,5/20/2016,kdaid7d@vimeo.com,8997760
267,Will,Stabler,Male,10/28/1996,VP Accounting,Sales,12/21/2011,wstabler7e@fotki.com,2372978
268,Rafaelita,Hanstock,Female,9/7/1999,Recruiter,Human Resources,6/29/2015,rhanstock7f@sciencedaily.com,1343300
269,Phoebe,Cawston,Female,2/5/1994,Internal Auditor,Accounting,4/20/2015,pcawston7g@indiegogo.com,1142990
270,Vinny,Farleigh,Male,5/24/1964,Operator,Legal,6/13/2011,vfarleigh7h@spotify.com,6011601
271,Sheffy,Stubbley,Male,4/29/1965,Operator,Marketing,2/20/2017,sstubbley7i@businesswire.com,1531741
272,Cleon,Enderlein,Male,6/21/1953,VP Sales,Sales,12/3/2020,cenderlein7j@clickbank.net,9444406
273,Inglebert,Jakobsson,Male,6/15/1951,Teacher,Human Resources,3/30/2012,ijakobsson7k@wp.com,329435
274,Mia,Garioch,Polygender,5/11/1985,Nurse Practicioner,Business Development,6/19/2021,mgarioch7l@jiathis.com,741923
275,Leta,Hufton,Female,9/19/1998,Senior Editor,Research and Development,1/2/2020,lhufton7m@foxnews.com,9853937
276,Wilma,Aggett,Female,5/3/1973,Sales Associate,Sales,10/22/2020,waggett7n@alibaba.com,2477799
277,Salaidh,Huston,Female,5/27/1991,Community Outreach Specialist,Research and Development,3/3/2018,shuston7o@tiny.cc,1584384
278,Albertina,Heinzel,Female,11/21/1993,Registered Nurse,Services,8/8/2015,aheinzel7p@yale.edu,4056007
279,Edita,Tenman,Female,1/8/1992,Teacher,Training,11/4/2010,etenman7q@imageshack.us,2478072
280,Cody,Roelofsen,Female,6/9/1974,Programmer Analyst I,Services,7/11/2021,croelofsen7r@mtv.com,6753480
281,Lind,Jerram,Male,9/11/1969,Director of Sales,Product Management,12/17/2018,ljerram7s@hibu.com,4325754
282,Ellwood,Goare,Male,8/26/1988,Pharmacist,Marketing,5/1/2016,egoare7t@noaa.gov,3991989
283,Maurise,Firpi,Male,5/26/1964,Community Outreach Specialist,Training,7/29/2019,mfirpi7u@mediafire.com,7609335
284,Gwendolyn,Critch,Female,11/26/1965,Mechanical Systems Engineer,Support,12/19/2016,gcritch7v@wikimedia.org,151904
285,Susi,Resdale,Female,8/18/1975,Chief Design Engineer,Human Resources,9/7/2012,sresdale7w@examiner.com,9640621
286,Arleta,Arrighi,Female,7/5/1959,Engineer II,Business Development,5/31/2016,aarrighi7x@facebook.com,9897498
287,Hortense,Hutchcraft,Female,11/10/1992,Administrative Assistant I,Accounting,12/18/2021,hhutchcraft7y@youtu.be,8494378
288,Cointon,Sumner,Male,1/11/1997,Geologist II,Engineering,8/19/2017,csumner7z@vk.com,2130749
289,Kearney,Rowden,Male,3/22/1976,Computer Systems Analyst IV,Research and Development,12/27/2017,krowden80@gnu.org,7075163
290,Quent,Leversha,Male,1/31/1966,VP Marketing,Accounting,2/10/2010,qleversha81@unesco.org,1383381
291,Abbott,Oleksiak,Male,11/17/1950,Social Worker,Sales,4/26/2015,aoleksiak82@tinyurl.com,4165569
292,Emmerich,Bikker,Male,6/6/1961,Account Representative IV,Engineering,8/28/2011,ebikker83@istockphoto.com,8969663
293,Lemmie,Gary,Male,7/5/1963,Senior Cost Accountant,Human Resources,6/9/2011,lgary84@desdev.cn,3397038
294,Elicia,Gytesham,Female,2/13/1951,Web Designer II,Support,1/14/2013,egytesham85@netscape.com,4539347
295,Jefferson,Rushmer,Male,2/16/1964,Senior Cost Accountant,Business Development,10/30/2014,jrushmer86@hatena.ne.jp,4107657
296,Kassia,Arp,Female,11/16/1954,Community Outreach Specialist,Support,7/23/2018,karp87@umich.edu,2887898
297,Codee,Edlestone,Female,1/19/1983,Senior Sales Associate,Sales,2/27/2010,cedlestone88@biblegateway.com,4865807
298,Albrecht,Plews,Male,12/23/1987,Senior Cost Accountant,Sales,12/29/2012,aplews89@free.fr,6186206
299,Anneliese,Pearl,Female,6/19/1985,Staff Accountant IV,Marketing,7/13/2016,apearl8a@livejournal.com,9997201
300,Willamina,Lazarus,Female,11/22/1960,Help Desk Technician,Sales,9/5/2019,wlazarus8b@alibaba.com,1980093
301,Tibold,Swadlen,Male,7/30/1995,Senior Quality Engineer,Support,1/22/2016,tswadlen8c@dion.ne.jp,1065631
302,Tore,Chadwin,Male,12/16/1950,Safety Technician IV,Human Resources,5/20/2015,tchadwin8d@ucsd.edu,3510600
303,Thebault,Aleshintsev,Genderqueer,2/16/1980,Financial Advisor,Legal,11/3/2021,taleshintsev8e@tmall.com,472934
304,Dyane,Waplinton,Genderqueer,12/12/1970,Dental Hygienist,Sales,5/18/2021,dwaplinton8f@diigo.com,6431778
305,Desiree,Ludl,Female,7/24/1991,Teacher,Business Development,9/23/2012,dludl8g@sina.com.cn,6038344
306,Erma,Joust,Female,9/14/1996,Senior Cost Accountant,Services,1/23/2014,ejoust8h@gnu.org,3998607
307,Amos,Castilla,Male,7/8/1989,Editor,Human Resources,1/27/2014,acastilla8i@weibo.com,4345888
308,Corie,Witherden,Female,9/19/1970,Web Designer I,Accounting,5/7/2017,cwitherden8j@skype.com,2874518
309,Myrwyn,Skerme,Male,9/21/1981,Assistant Media Planner,Business Development,7/21/2011,mskerme8k@hubpages.com,4620669
310,Delmer,Kerins,Male,2/26/1974,Computer Systems Analyst IV,Services,10/10/2013,dkerins8l@ibm.com,646893
311,Will,Fust,Male,6/7/1969,Internal Auditor,Human Resources,12/11/2012,wfust8m@jalbum.net,6468804
312,Em,Harrismith,Male,9/28/1976,Civil Engineer,Product Management,10/2/2017,eharrismith8n@altervista.org,6707533
313,Chiarra,Newrick,Female,2/28/1969,VP Product Management,Human Resources,1/31/2011,cnewrick8o@ucoz.ru,6173367
314,Linnell,Sandom,Female,2/21/1959,Graphic Designer,Research and Development,9/10/2011,lsandom8p@blogs.com,7943729
315,Georgi,Laneham,Male,4/1/1967,Librarian,Marketing,12/4/2021,glaneham8q@yale.edu,3342439
316,Chadd,Erasmus,Male,2/21/1951,VP Quality Control,Training,3/8/2011,cerasmus8r@plala.or.jp,5005506
317,Aloisia,Helleker,Female,9/28/1977,Financial Advisor,Legal,3/2/2012,ahelleker8s@cargocollective.com,6094653
318,Mikey,Henryson,Male,10/16/1970,Administrative Officer,Engineering,12/3/2013,mhenryson8t@bluehost.com,6604343
319,Nathaniel,Prestie,Male,4/26/1958,Administrative Assistant III,Training,3/14/2021,nprestie8u@geocities.jp,3598291
320,Langsdon,Christiensen,Male,4/29/1996,Pharmacist,Legal,5/8/2015,lchristiensen8v@pbs.org,9043501
321,Daron,Burrass,Female,1/29/1990,Operator,Research and Development,3/11/2012,dburrass8w@diigo.com,4873651
322,Delora,Smieton,Agender,4/10/1966,VP Accounting,Research and Development,2/25/2014,dsmieton8x@ifeng.com,1269329
323,Corty,Warkup,Male,8/2/1972,Professor,Product Management,3/30/2018,cwarkup8y@newsvine.com,5989336
324,Helaina,Shires,Female,6/30/1956,Assistant Media Planner,Services,3/4/2012,hshires8z@webeden.co.uk,3158496
325,Daryl,Kareman,Male,7/30/1968,Chief Design Engineer,Product Management,3/27/2015,dkareman90@statcounter.com,6593103
326,Hedvig,Libbey,Female,12/27/1997,Environmental Tech,Training,8/21/2017,hlibbey91@liveinternet.ru,9278817
327,Christoph,John,Male,11/19/1976,Payment Adjustment Coordinator,Sales,5/9/2017,cjohn92@house.gov,5646764
328,Shauna,Mosey,Female,9/3/1982,Tax Accountant,Services,8/7/2012,smosey93@smh.com.au,2083551
329,Tiler,Thursfield,Male,4/5/1994,Marketing Manager,Product Management,6/17/2021,tthursfield94@adobe.com,5461240
330,Nap,Karet,Male,8/23/1953,Editor,Legal,1/28/2012,nkaret95@ustream.tv,3399019
331,Roseline,Gunson,Female,11/8/1978,Occupational Therapist,Services,2/22/2015,rgunson96@plala.or.jp,2445948
332,Gayle,Copestick,Male,12/3/1963,Senior Cost Accountant,Marketing,12/22/2016,gcopestick97@dropbox.com,7091701
333,Selby,Ricart,Male,5/18/1967,Biostatistician III,Support,11/30/2014,sricart98@google.ca,6699963
334,Dukey,Romagnosi,Male,3/29/1961,Help Desk Operator,Human Resources,7/21/2020,dromagnosi99@dedecms.com,6587591
335,Nathanil,Triggle,Male,10/24/1975,Help Desk Operator,Sales,4/13/2018,ntriggle9a@huffingtonpost.com,3177099
336,Tonie,Orfeur,Female,4/8/1965,Programmer Analyst III,Engineering,4/7/2010,torfeur9b@wikispaces.com,4210279
337,Dianemarie,Child,Female,6/30/1984,Web Designer IV,Engineering,11/27/2017,dchild9c@ebay.co.uk,8289053
338,Erroll,Leavey,Male,8/2/1981,Assistant Media Planner,Services,3/17/2014,eleavey9d@deviantart.com,6880870
339,Chaddy,Farington,Male,12/27/1989,Senior Financial Analyst,Engineering,9/27/2016,cfarington9e@is.gd,9381405
340,Kerry,Maccraw,Female,9/29/1980,Help Desk Technician,Sales,5/4/2017,kmaccraw9f@google.com.br,7853595
341,Zolly,Cunnington,Male,9/29/1964,Teacher,Sales,12/8/2014,zcunnington9g@printfriendly.com,4935772
342,Abie,Capon,Male,7/4/1981,GIS Technical Architect,Training,5/18/2018,acapon9h@51.la,5070423
343,Babara,Townley,Agender,5/9/1979,Software Test Engineer IV,Legal,12/5/2018,btownley9i@chicagotribune.com,9970697
344,Beatrisa,Rosenberg,Female,8/16/1956,Human Resources Manager,Training,11/7/2020,brosenberg9j@indiegogo.com,8416164
345,Cordelia,Suggitt,Female,8/31/1984,Biostatistician III,Marketing,1/3/2016,csuggitt9k@feedburner.com,5261969
346,Dell,Ducastel,Male,11/22/1970,Associate Professor,Business Development,5/19/2013,dducastel9l@slashdot.org,6923297
347,Cinderella,Leban,Female,3/8/1952,Editor,Legal,12/12/2018,cleban9m@networksolutions.com,5075039
348,Lou,Rambaut,Male,1/31/1992,Occupational Therapist,Accounting,2/8/2019,lrambaut9n@typepad.com,7348301
349,Constanta,Heigho,Female,8/29/1971,Social Worker,Support,7/20/2021,cheigho9o@ebay.com,2458462
350,Vinni,Knill,Female,4/4/1999,Information Systems Manager,Marketing,9/13/2018,vknill9p@biglobe.ne.jp,3748688
351,Whitby,Priddey,Male,9/4/1971,Software Test Engineer III,Services,11/7/2016,wpriddey9q@ow.ly,986369
352,Ashlie,Palphramand,Female,3/8/1964,Product Engineer,Training,6/27/2018,apalphramand9r@nasa.gov,5657698
353,Uta,Lippiatt,Female,5/28/1966,Programmer Analyst II,Human Resources,10/2/2019,ulippiatt9s@ibm.com,5158382
354,Honey,Peatman,Female,5/27/1999,Civil Engineer,Legal,12/26/2010,hpeatman9t@linkedin.com,791525
355,Tomkin,Fittall,Male,4/21/1954,Speech Pathologist,Marketing,7/3/2021,tfittall9u@boston.com,5649739
356,Leon,Pleming,Bigender,5/10/1995,Food Chemist,Services,8/10/2015,lpleming9v@sphinn.com,9790211
357,Quent,Duffy,Male,7/7/1980,Payment Adjustment Coordinator,Research and Development,1/18/2018,qduffy9w@seesaa.net,1765603
358,Margarete,Moxsom,Polygender,10/9/1984,Geologist IV,Product Management,5/21/2018,mmoxsom9x@woothemes.com,3962541
359,Miner,Kintish,Male,6/1/1980,Account Representative II,Research and Development,11/18/2012,mkintish9y@geocities.jp,4741954
360,Amalie,Quelch,Female,3/7/1997,Structural Analysis Engineer,Accounting,2/6/2019,aquelch9z@mac.com,4121207
361,Kalila,Watterson,Female,7/2/1971,Data Coordinator,Training,10/26/2014,kwattersona0@time.com,4292459
362,Rachael,Luckwell,Female,7/22/1969,Structural Analysis Engineer,Engineering,10/24/2013,rluckwella1@drupal.org,8216933
363,Amelia,Ceely,Female,2/10/1962,Budget/Accounting Analyst I,Accounting,5/10/2018,aceelya2@blinklist.com,8137529
364,Giavani,Bate,Male,8/14/1975,Dental Hygienist,Marketing,8/20/2012,gbatea3@pen.io,2602477
365,Blondelle,Brimilcombe,Female,3/24/1964,Engineer III,Services,2/5/2018,bbrimilcombea4@wiley.com,2773116
366,Fair,Roz,Male,10/13/1951,Computer Systems Analyst IV,Sales,8/13/2019,froza5@github.io,156855
367,Calypso,Stainfield,Female,5/20/1985,Help Desk Operator,Support,11/25/2020,cstainfielda6@tuttocitta.it,3960158
368,Avis,Welbrock,Female,7/29/1989,Graphic Designer,Product Management,8/15/2019,awelbrocka7@timesonline.co.uk,4102142
369,Garey,Trench,Non-binary,3/24/1951,VP Product Management,Human Resources,11/9/2020,gtrencha8@nature.com,9858311
370,Hannis,Davidsohn,Female,11/17/1991,Automation Specialist I,Research and Development,2/29/2016,hdavidsohna9@imdb.com,5426582
371,Fidelio,Skain,Male,10/16/1953,Executive Secretary,Accounting,10/17/2012,fskainaa@noaa.gov,8026883
372,Barret,Shelbourne,Non-binary,9/4/1967,Environmental Specialist,Legal,4/14/2012,bshelbourneab@google.ca,749328
373,Armstrong,Dunks,Male,3/14/1998,Account Coordinator,Marketing,1/20/2017,adunksac@list-manage.com,6645936
374,Nicky,Dodwell,Genderfluid,8/18/1993,Account Coordinator,Engineering,3/15/2015,ndodwellad@ustream.tv,2441252
375,Dolph,Cappell,Male,6/3/1986,Executive Secretary,Research and Development,1/5/2014,dcappellae@timesonline.co.uk,1339564
376,Aube,Gyorffy,Male,10/14/1994,Junior Executive,Services,5/14/2013,agyorffyaf@whitehouse.gov,801680
377,Sigfrid,Waddington,Male,11/10/1992,Civil Engineer,Services,4/19/2018,swaddingtonag@nyu.edu,1071411
378,Vina,Jacobowits,Female,3/5/1960,Sales Associate,Research and Development,10/9/2021,vjacobowitsah@geocities.com,1912486
379,Pansie,Willder,Female,8/24/1979,Administrative Officer,Marketing,9/22/2016,pwillderai@ning.com,3518680
380,Luce,Bourner,Female,5/2/1957,Assistant Manager,Training,3/3/2013,lbourneraj@timesonline.co.uk,5087512
381,Mommy,Gunby,Bigender,3/31/1952,Nurse,Support,3/24/2019,mgunbyak@shareasale.com,1466384
382,Jone,Presslie,Male,7/11/1999,Food Chemist,Human Resources,10/2/2013,jpresslieal@dailymail.co.uk,486764
383,Iorgos,Champerlen,Male,6/22/1969,Project Manager,Services,10/15/2011,ichamperlenam@ow.ly,2051533
384,Corbie,Millott,Male,3/4/1964,Registered Nurse,Accounting,10/5/2021,cmillottan@unblog.fr,3415009
385,Reamonn,Gibling,Male,7/11/1968,Junior Executive,Research and Development,4/21/2011,rgiblingao@cloudflare.com,5584808
386,Bent,Imlock,Male,9/29/1987,Tax Accountant,Legal,10/3/2016,bimlockap@sciencedirect.com,3905724
387,Eberto,Durward,Male,8/26/1987,Account Executive,Services,4/10/2010,edurwardaq@domainmarket.com,631817
388,Bettina,Blaes,Female,10/9/1968,Cost Accountant,Product Management,1/15/2019,bblaesar@cornell.edu,352767
389,Schuyler,Kellogg,Male,12/10/1951,Librarian,Research and Development,7/5/2015,skelloggas@acquirethisname.com,2720628
390,Bambi,Gleed,Bigender,7/2/1989,Mechanical Systems Engineer,Research and Development,8/13/2019,bgleedat@bbb.org,3205314
391,Haven,Ginni,Male,9/17/1961,Web Designer I,Services,4/10/2014,hginniau@hatena.ne.jp,397335
392,Linus,Sporrij,Male,10/18/1977,Engineer II,Marketing,11/14/2010,lsporrijav@fotki.com,3988298
393,Tiffani,Blazewski,Agender,4/30/1992,Administrative Officer,Human Resources,1/11/2016,tblazewskiaw@elpais.com,8280197
394,Elroy,Derr,Male,8/17/1989,Speech Pathologist,Business Development,12/29/2014,ederrax@shop-pro.jp,6524957
395,Guillermo,Allberry,Male,9/2/1999,Food Chemist,Legal,11/2/2016,gallberryay@webnode.com,1681023
396,Starla,Stares,Female,11/5/1990,Human Resources Manager,Accounting,10/4/2020,sstaresaz@linkedin.com,6310227
397,Othelia,Liston,Female,4/13/1983,Chief Design Engineer,Human Resources,11/11/2015,olistonb0@phoca.cz,9105495
398,Germain,Humbatch,Male,10/30/1952,Social Worker,Accounting,10/7/2021,ghumbatchb1@deliciousdays.com,6882523
399,Obadiah,Moulin,Male,5/16/1982,Actuary,Legal,7/10/2020,omoulinb2@nifty.com,4691232
400,Cirstoforo,Kilroy,Male,5/15/1963,Chief Design Engineer,Marketing,4/8/2012,ckilroyb3@biglobe.ne.jp,5489752
401,Launce,Clowley,Male,6/30/1966,Nurse,Sales,5/22/2013,lclowleyb4@ucsd.edu,2503668
402,Thekla,Coldrick,Female,11/26/1988,Social Worker,Sales,12/15/2012,tcoldrickb5@apple.com,5035583
403,Sauncho,Yurenin,Male,6/10/1954,Computer Systems Analyst I,Engineering,11/4/2013,syureninb6@sfgate.com,8142676
404,Waylan,Doulton,Male,10/22/1959,Editor,Business Development,8/14/2010,wdoultonb7@psu.edu,70774
405,Dalt,Trundle,Male,8/5/1985,Actuary,Marketing,2/21/2017,dtrundleb8@utexas.edu,5138176
406,Bondy,Iskow,Male,12/10/1978,Legal Assistant,Support,9/12/2020,biskowb9@netvibes.com,274719
407,Elihu,Boodell,Male,6/16/1958,Geological Engineer,Accounting,1/17/2018,eboodellba@dmoz.org,4493573
408,Ailsun,Siebert,Bigender,11/1/1966,Mechanical Systems Engineer,Legal,1/14/2015,asiebertbb@csmonitor.com,8385777
409,Mattie,Pichan,Male,7/8/1967,VP Product Management,Human Resources,7/29/2013,mpichanbc@reuters.com,2514863
410,Sarajane,Birchill,Female,3/5/1961,Speech Pathologist,Sales,4/5/2013,sbirchillbd@upenn.edu,1852504
411,Grange,Seven,Genderqueer,8/15/1983,Editor,Training,2/20/2018,gsevenbe@cyberchimps.com,8635726
412,Gaspar,Haveline,Male,4/22/1963,Food Chemist,Support,1/23/2018,ghavelinebf@smugmug.com,7238006
413,Joella,Kluge,Female,10/2/1957,Registered Nurse,Support,5/31/2016,jklugebg@prweb.com,2347051
414,Doria,Sclanders,Female,11/20/1952,Associate Professor,Sales,6/25/2018,dsclandersbh@free.fr,3959791
415,Rem,Sustins,Male,2/24/1983,Senior Quality Engineer,Training,6/17/2020,rsustinsbi@irs.gov,5223783
416,Opaline,Hemphill,Female,10/21/1975,Quality Control Specialist,Accounting,4/12/2010,ohemphillbj@archive.org,3464867
417,Elene,Whittock,Female,5/10/1995,Computer Systems Analyst II,Marketing,12/11/2019,ewhittockbk@sciencedaily.com,2493080
418,Saunderson,Hollier,Male,9/4/1970,Senior Cost Accountant,Human Resources,7/30/2021,shollierbl@i2i.jp,4469286
419,Casi,Meckiff,Female,4/28/1975,Administrative Assistant IV,Sales,11/1/2018,cmeckiffbm@list-manage.com,8149223
420,Eugenie,Vickar,Female,2/28/1957,Web Designer I,Business Development,6/13/2014,evickarbn@amazon.co.uk,76732
421,Montgomery,Edgworth,Genderqueer,9/5/1998,VP Product Management,Product Management,11/16/2012,medgworthbo@fc2.com,9385885
422,Callean,Breit,Male,9/2/1974,Nurse Practicioner,Marketing,11/25/2021,cbreitbp@ftc.gov,3865035
423,Damiano,Inchley,Male,6/25/1986,Senior Financial Analyst,Marketing,12/2/2021,dinchleybq@time.com,4493428
424,Anselm,Forrestill,Genderqueer,12/16/1952,Computer Systems Analyst I,Accounting,2/2/2012,aforrestillbr@buzzfeed.com,5915425
425,Sindee,Kenafaque,Female,9/27/1965,General Manager,Legal,5/21/2019,skenafaquebs@themeforest.net,5018700
426,Morty,Kiln,Male,8/29/1982,Web Designer IV,Training,7/5/2020,mkilnbt@nih.gov,6752407
427,Perl,Pinock,Female,1/18/1982,Business Systems Development Analyst,Training,5/10/2011,ppinockbu@intel.com,44587
428,Alexina,St. John,Female,2/22/1988,Nurse Practicioner,Engineering,7/19/2010,astjohnbv@hexun.com,3942215
429,Farand,Veschambes,Female,9/7/1988,Administrative Assistant I,Marketing,12/27/2019,fveschambesbw@economist.com,8068418
430,Chan,Southall,Male,8/26/1952,Clinical Specialist,Support,9/3/2013,csouthallbx@loc.gov,2645432
431,Remus,Blaker,Male,5/12/1999,Computer Systems Analyst II,Human Resources,11/18/2013,rblakerby@seesaa.net,8257481
432,Tommy,Breens,Female,2/22/1990,Recruiting Manager,Marketing,4/22/2015,tbreensbz@sbwire.com,6698825
433,Welbie,O'Neil,Male,5/7/1953,Senior Quality Engineer,Support,8/5/2017,woneilc0@geocities.com,2066937
434,Gretchen,Latehouse,Female,1/3/1989,Human Resources Assistant II,Marketing,2/19/2014,glatehousec1@ihg.com,2784778
435,Orson,Dovinson,Male,3/14/1961,Senior Cost Accountant,Services,6/30/2015,odovinsonc2@wikia.com,4094613
436,Timoteo,Rigg,Male,1/30/1956,Human Resources Manager,Legal,3/30/2020,triggc3@4shared.com,8304488
437,Madelle,Jensen,Female,5/22/1992,Paralegal,Engineering,10/20/2013,mjensenc4@kickstarter.com,81524
438,Chrysa,Faichney,Female,2/28/1970,Teacher,Training,1/26/2017,cfaichneyc5@go.com,8704085
439,Fraser,Cleator,Male,12/30/1995,Engineer III,Business Development,12/8/2021,fcleatorc6@ebay.com,111944
440,Elsi,Cankett,Female,6/2/1960,Community Outreach Specialist,Sales,12/24/2014,ecankettc7@sohu.com,1543842
441,Khalil,Lownds,Non-binary,1/4/1982,Help Desk Technician,Accounting,9/3/2018,klowndsc8@privacy.gov.au,149144
442,Celka,Rexworthy,Female,9/17/1996,Community Outreach Specialist,Legal,7/30/2013,crexworthyc9@networksolutions.com,7166028
443,Abagael,Beneteau,Female,10/23/1978,Computer Systems Analyst II,Human Resources,12/27/2012,abeneteauca@about.com,3463579
444,Orelie,Salters,Female,4/30/1978,Professor,Services,12/19/2013,osalterscb@mozilla.com,913962
445,Bastian,Artiss,Male,4/20/1974,Help Desk Technician,Human Resources,5/5/2018,bartisscc@mac.com,5332417
446,Bessy,Stother,Female,5/2/1975,Project Manager,Human Resources,4/5/2010,bstothercd@opensource.org,8922592
447,Shermy,Zuann,Male,9/13/1959,Librarian,Accounting,3/3/2020,szuannce@fda.gov,6808706
448,Liza,Wickendon,Female,7/23/1958,Help Desk Operator,Marketing,2/19/2013,lwickendoncf@123-reg.co.uk,4846422
449,Tailor,Cavilla,Male,10/16/1982,Sales Representative,Research and Development,9/29/2012,tcavillacg@gravatar.com,9154042
450,Berkly,Farrah,Male,1/26/1971,Human Resources Assistant I,Human Resources,12/31/2011,bfarrahch@yolasite.com,6190732
451,Gordon,Grogono,Male,5/17/1991,Budget/Accounting Analyst I,Marketing,2/26/2015,ggrogonoci@exblog.jp,6441864
452,Prudence,Ouver,Female,8/26/1979,Tax Accountant,Training,10/26/2010,pouvercj@epa.gov,3308910
453,Elsey,Jory,Female,3/6/1969,VP Quality Control,Business Development,4/3/2013,ejoryck@cnbc.com,5767602
454,Raina,Handford,Female,5/7/1962,Nurse,Support,9/6/2015,rhandfordcl@nih.gov,4817857
455,Marrilee,Boswell,Female,12/1/1977,Clinical Specialist,Human Resources,1/6/2020,mboswellcm@meetup.com,3123445
456,Dell,Roskilly,Female,4/8/1974,Web Developer IV,Accounting,4/23/2016,droskillycn@yahoo.co.jp,7845149
457,Shelley,Slite,Female,2/28/1982,Business Systems Development Analyst,Engineering,11/12/2015,ssliteco@fda.gov,7147508
458,Jeniffer,Tampen,Female,7/25/1968,Software Engineer I,Marketing,8/19/2011,jtampencp@flavors.me,4004732
459,Kassandra,Purchase,Bigender,5/1/1988,Web Developer II,Training,9/7/2021,kpurchasecq@google.com.br,9280590
460,Fanny,Eagleton,Female,10/13/1958,Chief Design Engineer,Legal,4/10/2014,feagletoncr@i2i.jp,602104
461,Rik,Espinay,Genderfluid,5/8/1972,Librarian,Services,5/19/2011,respinaycs@rediff.com,977006
462,Sinclare,Collisson,Male,2/24/1999,Geological Engineer,Human Resources,2/6/2012,scollissonct@paypal.com,6710885
463,Cletus,Quinsee,Male,10/12/1985,Quality Engineer,Research and Development,4/16/2016,cquinseecu@shinystat.com,4475084
464,Tyler,Chasteney,Male,9/27/1995,Editor,Human Resources,8/22/2020,tchasteneycv@github.io,7981720
465,Rebe,Cissell,Female,7/21/1990,Nurse Practicioner,Legal,8/8/2014,rcissellcw@purevolume.com,2788710
466,Doris,Lambersen,Female,3/22/1961,Chemical Engineer,Services,2/26/2010,dlambersencx@smh.com.au,5984737
467,Brice,Hamblyn,Male,4/22/1959,Account Executive,Sales,11/8/2019,bhamblyncy@bravesites.com,6007259
468,Zacharia,Lambin,Male,1/15/1950,Actuary,Marketing,9/29/2021,zlambincz@ameblo.jp,5781629
469,Garrick,Redmile,Male,12/12/1963,Environmental Specialist,Training,3/26/2018,gredmiled0@so-net.ne.jp,7295552
470,Kaile,Layburn,Female,1/30/1982,Biostatistician IV,Sales,11/16/2011,klayburnd1@acquirethisname.com,5921822
471,Hoyt,Kreuzer,Male,2/13/1962,Sales Associate,Marketing,11/10/2010,hkreuzerd2@blogs.com,9288185
472,Skippy,McMahon,Male,2/17/1989,Automation Specialist I,Sales,8/12/2011,smcmahond3@goo.ne.jp,8047517
473,Cathie,Grevatt,Female,8/4/1988,VP Product Management,Sales,5/23/2011,cgrevattd4@baidu.com,5526518
474,Maura,Drinkel,Female,9/18/1993,Desktop Support Technician,Research and Development,1/3/2021,mdrinkeld5@rediff.com,2843871
475,Diane-marie,Rotter,Female,7/3/1954,Quality Engineer,Training,10/28/2017,drotterd6@ning.com,2708327
476,Toma,Redington,Genderfluid,2/13/1954,Clinical Specialist,Legal,5/23/2016,tredingtond7@trellian.com,760951
477,Ray,Lamping,Female,3/27/1977,Chemical Engineer,Research and Development,11/19/2015,rlampingd8@webeden.co.uk,307618
478,Shalna,Sepey,Female,2/3/1967,Graphic Designer,Support,8/19/2012,ssepeyd9@nifty.com,9880213
479,Gilles,Shanks,Male,2/25/1978,Account Executive,Marketing,12/28/2010,gshanksda@washingtonpost.com,8820652
480,Margalit,Rainsdon,Female,5/28/1951,Assistant Manager,Support,2/28/2021,mrainsdondb@ihg.com,2532943
481,Raynell,Carrington,Female,7/29/1980,Programmer Analyst I,Research and Development,1/17/2021,rcarringtondc@wp.com,1649960
482,Clemmy,Jacks,Female,8/27/1978,Administrative Officer,Legal,5/14/2019,cjacksdd@reverbnation.com,7868630
483,Merola,Meenehan,Female,12/7/1962,Civil Engineer,Training,3/26/2021,mmeenehande@live.com,9368187
484,Breena,Sarney,Female,4/13/1983,Associate Professor,Marketing,12/23/2010,bsarneydf@answers.com,3351843
485,Ulrikaumeko,Le febre,Female,6/4/1999,Assistant Media Planner,Training,1/18/2017,ulefebredg@amazon.co.uk,3420897
486,Jordana,Ort,Female,10/23/1979,Environmental Specialist,Human Resources,10/17/2015,jortdh@unblog.fr,9184316
487,Locke,Silverthorn,Male,9/10/1995,Community Outreach Specialist,Services,5/5/2014,lsilverthorndi@economist.com,4777709
488,Ronny,Menel,Male,2/28/1960,Senior Cost Accountant,Accounting,1/14/2014,rmeneldj@phoca.cz,606795
489,Eddy,Feary,Male,3/18/1999,GIS Technical Architect,Research and Development,11/25/2015,efearydk@google.nl,1390510
490,Quillan,Hollebon,Male,8/13/1967,Social Worker,Business Development,4/12/2011,qhollebondl@auda.org.au,1632041
491,Antonia,Rushmer,Female,6/21/1969,Technical Writer,Support,6/13/2010,arushmerdm@state.gov,7569507
492,Gwyn,Karolowski,Female,5/12/1955,VP Sales,Sales,4/14/2014,gkarolowskidn@fotki.com,4909913
493,Leshia,Waumsley,Female,2/4/1974,Cost Accountant,Research and Development,8/6/2014,lwaumsleydo@sitemeter.com,794804
494,Lacy,Tozer,Female,9/2/1952,Web Designer II,Services,6/12/2010,ltozerdp@latimes.com,3265812
495,Karlie,Gaggen,Female,6/12/1956,Registered Nurse,Accounting,5/7/2014,kgaggendq@unc.edu,1504983
496,Christine,Longstaff,Female,12/15/1991,Internal Auditor,Accounting,1/17/2016,clongstaffdr@behance.net,2720235
497,Guenevere,Rosencrantz,Female,6/20/1960,Developer III,Business Development,4/16/2011,grosencrantzds@ask.com,1908333
498,Chelsie,Revening,Genderfluid,12/1/1961,Marketing Assistant,Accounting,12/11/2019,creveningdt@odnoklassniki.ru,8167205
499,Raffarty,Craufurd,Male,8/26/1970,Operator,Research and Development,5/21/2017,rcraufurddu@xinhuanet.com,5067046
500,Gavrielle,MacGinney,Female,10/22/1975,Cost Accountant,Product Management,3/8/2017,gmacginneydv@apple.com,9777265
501,Jamey,Aim,Male,1/25/1983,Analog Circuit Design manager,Training,3/12/2015,jaimdw@springer.com,1697651
502,Beulah,Troughton,Female,4/12/1993,Staff Accountant IV,Business Development,3/18/2017,btroughtondx@nymag.com,9211454
503,Kendell,Sepey,Male,6/5/1961,VP Accounting,Services,6/1/2010,ksepeydy@army.mil,3883321
504,Wendall,Komorowski,Male,6/2/1959,Assistant Professor,Engineering,5/22/2020,wkomorowskidz@jimdo.com,4136049
505,Ferdy,Dilland,Male,12/2/1967,Software Engineer IV,Training,8/30/2013,fdillande0@yahoo.com,3768263
506,Eben,Koenen,Male,3/22/1983,Financial Analyst,Training,3/9/2015,ekoenene1@slashdot.org,1659745
507,Lauryn,Archbold,Female,4/30/1956,Tax Accountant,Business Development,6/30/2014,larchbolde2@huffingtonpost.com,5610039
508,Otes,Loughlin,Male,4/29/1986,Professor,Sales,6/25/2021,oloughline3@simplemachines.org,7462762
509,Malchy,Novakovic,Male,1/11/1969,Project Manager,Product Management,8/1/2016,mnovakovice4@meetup.com,1414658
510,Estel,Schanke,Female,11/17/1963,Senior Quality Engineer,Services,9/1/2011,eschankee5@eepurl.com,9267012
511,Cello,Pfeffel,Male,8/6/1980,Research Assistant III,Services,2/3/2021,cpfeffele6@irs.gov,6617776
512,Oren,Pavek,Male,5/25/1976,Database Administrator III,Product Management,3/25/2018,opaveke7@123-reg.co.uk,8170082
513,Sapphire,Tims,Female,11/27/1992,Social Worker,Product Management,8/20/2011,stimse8@opensource.org,5923519
514,Isa,Petican,Male,6/29/1995,Automation Specialist IV,Business Development,12/17/2011,ipeticane9@delicious.com,5377237
515,Giana,Allibone,Female,6/8/1978,Senior Sales Associate,Accounting,8/17/2013,galliboneea@sun.com,5288261
516,Enrika,Dubois,Female,3/3/1983,Structural Analysis Engineer,Training,11/20/2011,eduboiseb@blogtalkradio.com,832819
517,Merralee,Muckleston,Female,11/21/1992,VP Marketing,Sales,4/23/2015,mmucklestonec@phoca.cz,4426068
518,Carlene,Hickisson,Female,11/18/1982,Senior Developer,Marketing,1/23/2013,chickissoned@time.com,6634033
519,Keene,Borgnet,Polygender,4/23/1972,Assistant Manager,Product Management,1/3/2014,kborgnetee@xrea.com,4857360
520,Latia,Burdekin,Non-binary,6/23/1995,Social Worker,Product Management,6/6/2019,lburdekinef@reddit.com,1321148
521,Quinn,Gurko,Male,1/9/1971,Clinical Specialist,Legal,12/21/2013,qgurkoeg@google.cn,1251647
522,Putnam,Paynes,Male,11/2/1980,Structural Engineer,Business Development,12/19/2011,ppayneseh@businesswire.com,2647518
523,Devlen,Scambler,Male,12/10/1970,Chemical Engineer,Accounting,7/17/2010,dscamblerei@youtube.com,8104594
524,Audi,Kenford,Female,4/22/1990,Media Manager II,Accounting,3/30/2011,akenfordej@patch.com,9058792
525,Jehu,Domoni,Male,4/22/1962,Staff Scientist,Sales,7/6/2018,jdomoniek@1688.com,7325342
526,Dell,Robeiro,Female,2/19/1984,Data Coordinator,Training,7/20/2012,drobeiroel@mayoclinic.com,8638224
527,Boote,Snepp,Male,7/20/1966,Internal Auditor,Accounting,4/15/2021,bsneppem@dot.gov,4121525
528,Debee,Muddimer,Female,12/18/1953,Project Manager,Marketing,9/18/2012,dmuddimeren@engadget.com,3967670
529,Marga,Roughsedge,Female,12/28/1960,Nurse Practicioner,Training,5/29/2011,mroughsedgeeo@weebly.com,6065345
530,Blondelle,Kose,Genderfluid,1/18/1953,Staff Accountant I,Engineering,2/1/2016,bkoseep@ovh.net,7649081
531,Krishnah,Wrefford,Male,7/15/1959,Nuclear Power Engineer,Human Resources,7/15/2015,kwreffordeq@wikia.com,2797666
532,Devinne,Creevy,Female,10/3/1964,Nuclear Power Engineer,Support,12/6/2016,dcreevyer@biblegateway.com,5159285
533,Conny,Edwinson,Genderfluid,3/23/1966,Human Resources Assistant III,Business Development,4/10/2015,cedwinsones@hp.com,8436538
534,Carmina,Moorey,Female,8/5/1973,Administrative Officer,Support,1/31/2015,cmooreyet@skyrock.com,7803508
535,Catherin,Blacksland,Female,8/16/1984,Software Test Engineer I,Human Resources,5/23/2014,cblackslandeu@example.com,5330097
536,Elysee,Ratledge,Female,6/16/1998,Senior Editor,Sales,4/18/2016,eratledgeev@time.com,2229780
537,Leo,Adamski,Male,11/14/1983,Cost Accountant,Human Resources,10/6/2010,ladamskiew@kickstarter.com,6687074
538,Kimberlyn,O'Moylan,Female,1/12/1976,Media Manager II,Sales,9/6/2011,komoylanex@theglobeandmail.com,6211999
539,Inna,Hannigane,Female,3/3/1975,VP Quality Control,Engineering,4/7/2014,ihanniganeey@goodreads.com,8144306
540,Sharona,Pinnington,Female,5/22/1977,Budget/Accounting Analyst II,Accounting,2/12/2013,spinningtonez@fda.gov,2052103
541,Saunderson,Bratton,Genderqueer,2/23/1978,Project Manager,Legal,12/18/2012,sbrattonf0@kickstarter.com,7527445
542,Nevin,Ilett,Male,12/5/1979,Recruiter,Training,9/10/2018,nilettf1@shinystat.com,5457643
543,Delmore,Bewick,Male,10/8/1974,Budget/Accounting Analyst III,Accounting,4/2/2021,dbewickf2@weather.com,7978536
544,Ludwig,Bedwell,Male,2/21/1981,Accountant II,Sales,2/21/2015,lbedwellf3@goodreads.com,5978585
545,Burke,Tween,Male,12/13/1987,Analyst Programmer,Marketing,8/29/2016,btweenf4@dagondesign.com,2176588
546,Vivie,Brocks,Female,11/6/1961,Systems Administrator III,Services,9/12/2018,vbrocksf5@discuz.net,8454475
547,Ben,Ortiga,Male,1/20/1991,Graphic Designer,Services,8/16/2020,bortigaf6@mozilla.org,4761537
548,Woodman,Lomasny,Male,12/27/1981,Account Coordinator,Engineering,2/28/2012,wlomasnyf7@stanford.edu,3360687
549,Jermaine,Frickey,Male,1/23/1952,Assistant Professor,Research and Development,1/19/2011,jfrickeyf8@simplemachines.org,1982197
550,Lavinie,Aronowicz,Female,6/23/1980,Nurse,Sales,10/27/2017,laronowiczf9@si.edu,7034478
551,Kriste,Goffe,Female,7/30/1998,VP Quality Control,Legal,10/31/2021,kgoffefa@accuweather.com,9671152
552,Marve,Scruby,Male,6/2/1973,Design Engineer,Services,12/16/2017,mscrubyfb@vkontakte.ru,2334510
553,Arnuad,Dimberline,Male,3/29/1973,Payment Adjustment Coordinator,Research and Development,6/3/2021,adimberlinefc@engadget.com,7289302
554,Carson,Hierro,Male,5/25/1980,Pharmacist,Human Resources,8/23/2012,chierrofd@blogs.com,8043878
555,Dolorita,Mattimoe,Female,5/1/1982,Pharmacist,Business Development,1/20/2010,dmattimoefe@is.gd,7014411
556,Idalina,Manifould,Female,9/6/1974,VP Product Management,Engineering,5/15/2011,imanifouldff@etsy.com,8131613
557,Florencia,Serrurier,Female,5/1/1966,Budget/Accounting Analyst III,Product Management,7/21/2020,fserrurierfg@yahoo.co.jp,4970124
558,Bartolomeo,Zywicki,Male,11/30/1996,Web Designer III,Marketing,8/23/2018,bzywickifh@ucoz.ru,5330449
559,Franklin,Semrad,Male,7/29/1961,Graphic Designer,Engineering,2/3/2020,fsemradfi@xing.com,3085287
560,Briant,Agar,Male,6/16/1951,Occupational Therapist,Services,3/2/2013,bagarfj@xing.com,5481225
561,Hailey,Perrin,Male,12/27/1984,Engineer III,Accounting,2/16/2010,hperrinfk@gizmodo.com,1496462
562,Giusto,Mac Giany,Bigender,5/10/1997,Social Worker,Sales,11/21/2021,gmacgianyfl@princeton.edu,9057125
563,Wilhelm,Pabel,Male,6/26/1991,Human Resources Manager,Research and Development,6/16/2014,wpabelfm@fc2.com,7390980
564,Rosemonde,Kuzma,Female,9/22/1961,Account Coordinator,Accounting,3/22/2020,rkuzmafn@4shared.com,2729886
565,Jesse,Bergin,Male,5/26/1954,Automation Specialist I,Services,1/15/2015,jberginfo@cam.ac.uk,4440991
566,Nicolea,Wressell,Female,9/29/1977,Assistant Manager,Sales,12/2/2018,nwressellfp@desdev.cn,9541132
567,Vanna,Gother,Female,10/4/1998,Tax Accountant,Support,5/20/2016,vgotherfq@cdc.gov,534962
568,Cathee,Korous,Female,7/27/1981,Speech Pathologist,Legal,6/9/2012,ckorousfr@cyberchimps.com,5170855
569,Malva,Brouncker,Female,12/30/1968,Nurse Practicioner,Marketing,8/21/2012,mbrounckerfs@domainmarket.com,25001
570,Perry,Pitbladdo,Female,1/13/1963,Nurse,Human Resources,7/25/2020,ppitbladdoft@desdev.cn,1586620
571,Erek,Salla,Bigender,3/29/1988,Safety Technician II,Marketing,3/19/2010,esallafu@ft.com,7858551
572,Ahmad,Kidsley,Male,1/9/1961,Account Executive,Human Resources,6/25/2010,akidsleyfv@answers.com,368528
573,Kellen,Moresby,Female,2/4/1976,Research Assistant II,Human Resources,7/12/2021,kmoresbyfw@so-net.ne.jp,967896
574,Renado,Leven,Male,12/6/1967,Office Assistant IV,Support,2/28/2015,rlevenfx@homestead.com,4296665
575,Suzie,Tomankowski,Female,8/17/1975,Account Executive,Support,10/27/2013,stomankowskify@mtv.com,2593287
576,Fulton,Sextone,Male,8/14/1951,Accountant I,Accounting,12/17/2015,fsextonefz@networkadvertising.org,7870109
577,Kelley,Rackley,Male,3/27/1956,Sales Associate,Legal,1/31/2019,krackleyg0@icio.us,9897064
578,Maury,Castaner,Male,12/26/1987,Community Outreach Specialist,Services,5/8/2021,mcastanerg1@infoseek.co.jp,8730680
579,Adelina,Wogden,Female,4/22/1989,Health Coach II,Accounting,8/12/2019,awogdeng2@microsoft.com,353795
580,Bernadette,Teager,Female,6/19/1986,Assistant Manager,Engineering,2/27/2021,bteagerg3@ameblo.jp,1315371
581,Devland,Bragg,Male,3/27/1965,Actuary,Services,9/11/2015,dbraggg4@instagram.com,2204718
582,Standford,Mansell,Male,3/22/1964,Database Administrator III,Research and Development,5/7/2012,smansellg5@goodreads.com,9713472
583,Arnuad,Markova,Male,6/26/1969,Health Coach III,Product Management,3/17/2014,amarkovag6@patch.com,8659513
584,Dun,MacQuist,Male,5/8/1954,Clinical Specialist,Research and Development,7/20/2011,dmacquistg7@bigcartel.com,8042
585,Ardelle,Hallen,Female,11/25/1985,Librarian,Product Management,1/3/2012,ahalleng8@techcrunch.com,852291
586,Syd,Pickworth,Male,5/17/1974,Electrical Engineer,Product Management,11/9/2016,spickworthg9@bloglovin.com,7911078
587,Mabel,Whelan,Female,1/7/1961,Pharmacist,Marketing,6/16/2011,mwhelanga@yahoo.com,6399268
588,Bennett,Payler,Male,1/1/1982,Software Test Engineer I,Business Development,5/18/2017,bpaylergb@com.com,9819869
589,Jo,Riccardi,Male,6/17/1981,Senior Quality Engineer,Support,9/7/2021,jriccardigc@mac.com,7826318
590,Donny,Buxam,Male,9/10/1961,Human Resources Manager,Support,7/4/2012,dbuxamgd@linkedin.com,403586
591,Dalila,Polkinhorn,Female,8/9/1976,Registered Nurse,Human Resources,8/31/2017,dpolkinhornge@upenn.edu,3763454
592,Corrie,Schubbert,Female,10/22/1989,Research Nurse,Research and Development,3/12/2019,cschubbertgf@java.com,5355846
593,Trevar,Jeandot,Male,1/13/1977,Automation Specialist II,Human Resources,6/5/2016,tjeandotgg@techcrunch.com,1808763
594,Edita,Jedras,Female,11/13/1969,Analyst Programmer,Training,10/16/2012,ejedrasgh@ehow.com,5317342
595,Damon,McTurlough,Male,7/12/1963,Operator,Marketing,9/5/2016,dmcturloughgi@comcast.net,5070463
596,Korney,Weston,Female,3/18/1962,Executive Secretary,Sales,5/9/2014,kwestongj@skyrock.com,685714
597,Evangeline,Vickerstaff,Female,3/3/1954,Design Engineer,Product Management,7/19/2018,evickerstaffgk@oaic.gov.au,9668259
598,Madison,Thorneloe,Male,7/30/1971,Quality Engineer,Marketing,2/21/2013,mthorneloegl@home.pl,4178047
599,Nikaniki,Garard,Female,8/16/1967,Assistant Media Planner,Support,8/11/2012,ngarardgm@chronoengine.com,6986864
600,Jordan,Lough,Polygender,7/16/1955,Senior Financial Analyst,Accounting,10/16/2011,jloughgn@360.cn,2063797
601,Selinda,Beagles,Female,5/9/1951,Data Coordinator,Business Development,2/6/2014,sbeaglesgo@go.com,3694254
602,Gordan,Low,Male,5/29/1956,Budget/Accounting Analyst IV,Accounting,4/7/2016,glowgp@house.gov,785430
603,Didi,Jans,Female,9/17/1978,Project Manager,Services,7/13/2011,djansgq@networksolutions.com,7638644
604,Glad,Misselbrook,Female,9/20/1967,Desktop Support Technician,Legal,7/9/2019,gmisselbrookgr@earthlink.net,7096775
605,Sela,Ajsik,Female,4/18/1998,Clinical Specialist,Services,5/14/2014,sajsikgs@vistaprint.com,7476212
606,Kelvin,Hilliam,Male,12/17/1973,Data Coordinator,Marketing,11/27/2020,khilliamgt@cisco.com,10293
607,Filip,Clair,Male,1/22/1966,Compensation Analyst,Human Resources,8/26/2015,fclairgu@qq.com,8221491
608,Rollie,Andover,Male,2/22/1985,Research Assistant III,Marketing,9/16/2013,randovergv@illinois.edu,6063564
609,Nance,Juster,Bigender,11/12/1989,Pharmacist,Human Resources,1/20/2019,njustergw@miibeian.gov.cn,3048902
610,Mack,Aireton,Male,10/30/1993,Occupational Therapist,Accounting,10/11/2015,mairetongx@1688.com,7947941
611,Virgie,Bonnar,Male,8/22/1988,Administrative Assistant I,Marketing,10/18/2018,vbonnargy@ask.com,1327929
612,Helge,Sponder,Female,7/5/1959,Database Administrator III,Legal,8/19/2017,hspondergz@joomla.org,2802793
613,Bat,Sumshon,Male,3/30/1994,Graphic Designer,Accounting,4/14/2021,bsumshonh0@earthlink.net,2154648
614,Clayton,Jeskins,Male,9/27/1958,Assistant Manager,Training,11/21/2018,cjeskinsh1@sun.com,7869294
615,Vlad,Kraut,Male,5/11/1993,Design Engineer,Services,8/24/2021,vkrauth2@wikia.com,7402536
616,Meredith,Whiscard,Male,12/12/1957,Marketing Manager,Accounting,6/25/2011,mwhiscardh3@adobe.com,9070850
617,Karoline,Aimeric,Female,10/27/1991,Associate Professor,Marketing,9/19/2014,kaimerich4@yahoo.com,6671419
618,Kristin,Gilliland,Female,5/21/1951,Social Worker,Marketing,6/9/2016,kgillilandh5@tripod.com,1536216
619,Zared,Bligh,Male,5/14/1967,Quality Engineer,Business Development,5/19/2016,zblighh6@cbsnews.com,7350308
620,Graig,Johantges,Male,8/28/1993,Compensation Analyst,Services,1/31/2021,gjohantgesh7@newsvine.com,1600926
621,Gerald,Sammes,Male,11/13/1950,Software Engineer II,Accounting,2/27/2018,gsammesh8@tripadvisor.com,7961
622,Kassie,Kerridge,Female,2/26/1993,Librarian,Legal,9/22/2011,kkerridgeh9@wiley.com,1886561
623,Saxe,Libby,Male,9/5/1959,Analog Circuit Design manager,Services,1/2/2014,slibbyha@engadget.com,4258509
624,Cross,Oakley,Male,10/29/1950,Cost Accountant,Legal,8/3/2011,coakleyhb@nhs.uk,8585232
625,Harriett,Gerb,Female,6/3/1966,Automation Specialist III,Human Resources,12/6/2016,hgerbhc@amazon.com,704983
626,Cindy,Cressey,Female,4/29/1977,Geological Engineer,Support,1/23/2013,ccresseyhd@furl.net,9476894
627,Addie,Farman,Male,2/14/1978,Structural Engineer,Sales,4/30/2015,afarmanhe@comsenz.com,6164031
628,Maud,Micklem,Female,7/17/1983,Electrical Engineer,Product Management,11/7/2014,mmicklemhf@aboutads.info,3633144
629,Valle,Scatchard,Male,10/8/1995,Graphic Designer,Training,6/14/2012,vscatchardhg@merriam-webster.com,8316311
630,Avigdor,Dory,Male,7/27/1989,Cost Accountant,Research and Development,6/5/2017,adoryhh@google.fr,774022
631,Erminia,Legister,Female,10/9/1997,Account Representative II,Services,5/6/2014,elegisterhi@china.com.cn,1727737
632,Zachariah,Gristwood,Male,11/24/1991,Legal Assistant,Support,4/1/2014,zgristwoodhj@businesswire.com,5530105
633,Essie,McLenahan,Female,11/14/1965,Analog Circuit Design manager,Business Development,3/2/2012,emclenahanhk@privacy.gov.au,7042649
634,Clementius,Piwall,Male,5/16/1976,Health Coach IV,Support,1/23/2017,cpiwallhl@cbsnews.com,1252075
635,Dallas,Arniz,Female,11/30/1998,Quality Engineer,Engineering,9/23/2016,darnizhm@un.org,4920054
636,Hadlee,Walworth,Male,8/24/1978,Project Manager,Sales,8/6/2019,hwalworthhn@amazon.co.jp,7079076
637,Daryl,Andrivot,Female,10/4/1967,Account Coordinator,Accounting,3/7/2011,dandrivotho@seattletimes.com,5834334
638,Christian,Durgan,Male,7/19/1988,Assistant Manager,Marketing,5/4/2013,cdurganhp@wsj.com,2371572
639,Alice,Perllman,Female,6/24/1951,Nurse,Support,5/30/2016,aperllmanhq@tinypic.com,5843322
640,Valry,Keyson,Female,10/24/1961,Office Assistant II,Engineering,7/31/2018,vkeysonhr@nasa.gov,3473493
641,Della,Stannus,Female,7/26/1969,Chief Design Engineer,Training,1/16/2010,dstannushs@wordpress.com,476384
642,Giorgio,Vida,Bigender,7/6/1955,Paralegal,Legal,6/20/2012,gvidaht@theguardian.com,2405676
643,Jackquelin,Christophle,Female,6/28/1970,Research Associate,Support,12/30/2015,jchristophlehu@fema.gov,5600727
644,Burlie,Slegg,Male,3/7/1997,Human Resources Assistant I,Services,4/4/2018,bslegghv@digg.com,9382198
645,Reinhold,Ickovici,Agender,8/7/1961,Senior Quality Engineer,Research and Development,6/8/2013,rickovicihw@a8.net,4471828
646,Dionis,Koppes,Female,9/3/1990,VP Sales,Marketing,2/14/2011,dkoppeshx@etsy.com,470328
647,Rosette,McGray,Female,4/25/1987,Nurse Practicioner,Accounting,10/2/2012,rmcgrayhy@360.cn,1793305
648,Whitney,Otter,Male,10/18/1974,Junior Executive,Business Development,3/19/2018,wotterhz@canalblog.com,140835
649,Clarice,Vaar,Female,6/13/1953,Administrative Assistant I,Business Development,4/14/2021,cvaari0@quantcast.com,798152
650,Nobe,Enoksson,Male,6/13/1950,Research Assistant II,Services,4/10/2016,nenokssoni1@walmart.com,9695044
651,Buckie,Danelet,Male,12/1/1961,Administrative Assistant I,Research and Development,10/22/2018,bdaneleti2@addtoany.com,4338956
652,Maude,Bake,Female,7/10/1961,Administrative Assistant I,Sales,12/21/2017,mbakei3@tripod.com,4384905
653,Saree,Christoffe,Female,4/24/1989,Professor,Training,9/6/2016,schristoffei4@whitehouse.gov,6323523
654,Olva,Toretta,Female,5/7/1961,Civil Engineer,Accounting,9/1/2021,otorettai5@com.com,3775525
655,Dallis,Coull,Male,8/28/1985,Director of Sales,Services,9/19/2020,dcoulli6@unc.edu,7562602
656,Fonz,Meardon,Male,9/12/1977,Librarian,Engineering,9/9/2011,fmeardoni7@canalblog.com,2853124
657,Rois,Quadri,Female,9/27/1983,Design Engineer,Sales,10/21/2020,rquadrii8@1und1.de,9064922
658,Nikoletta,Cowterd,Female,12/24/1983,Software Consultant,Engineering,2/7/2016,ncowterdi9@pcworld.com,8155536
659,Elijah,Polglase,Male,10/12/1952,Desktop Support Technician,Accounting,10/4/2012,epolglaseia@nih.gov,7205698
660,Codie,Hickisson,Female,3/26/1989,Software Engineer I,Business Development,3/12/2015,chickissonib@google.fr,626813
661,Brigid,Boundley,Non-binary,12/28/1971,Accounting Assistant II,Human Resources,3/7/2012,bboundleyic@redcross.org,1013279
662,Elka,O' Culligan,Female,8/20/1977,Sales Representative,Training,11/18/2011,eoculliganid@geocities.com,6485965
663,Viviene,Mallett,Female,6/2/1999,Senior Financial Analyst,Engineering,12/3/2017,vmallettie@themeforest.net,1463414
664,Adrianne,Garham,Female,9/27/1981,Assistant Manager,Research and Development,2/21/2014,agarhamif@symantec.com,1734531
665,Georgena,O'Moylane,Female,6/4/1953,Research Associate,Legal,12/28/2011,gomoylaneig@cargocollective.com,1105435
666,Allis,Inott,Female,10/29/1974,Information Systems Manager,Research and Development,8/20/2012,ainottih@histats.com,8188272
667,Jackie,Zwicker,Male,7/23/1981,Developer II,Business Development,4/16/2020,jzwickerii@whitehouse.gov,6797015
668,Franciskus,Gluyus,Male,10/10/1991,Media Manager III,Marketing,6/10/2017,fgluyusij@dagondesign.com,7273120
669,Lucien,Stanfield,Male,2/27/1996,Systems Administrator IV,Business Development,6/10/2012,lstanfieldik@mapy.cz,1913521
670,Chrystel,Scoone,Female,10/11/1968,VP Sales,Support,1/27/2019,cscooneil@goo.gl,3145819
671,Katrinka,Merrett,Female,9/18/1961,Developer III,Training,4/29/2010,kmerrettim@youtu.be,3982023
672,Coraline,Sweetman,Female,6/17/1962,Speech Pathologist,Product Management,6/4/2021,csweetmanin@tumblr.com,3872358
673,Vanya,Dannel,Female,2/10/1969,Accounting Assistant II,Research and Development,2/26/2017,vdannelio@lulu.com,3166934
674,Audie,Stalman,Female,2/20/1984,Research Assistant IV,Marketing,6/11/2011,astalmanip@sfgate.com,1858797
675,Naoma,Gartrell,Female,5/4/1985,Senior Sales Associate,Accounting,7/17/2010,ngartrelliq@exblog.jp,1756640
676,Cody,Hastilow,Female,2/12/1981,Social Worker,Marketing,1/18/2015,chastilowir@jugem.jp,421560
677,Adina,Peery,Female,8/31/1970,Environmental Tech,Marketing,2/26/2014,apeeryis@opera.com,6996164
678,Sibilla,Seale,Female,4/23/1999,Human Resources Manager,Accounting,4/5/2019,ssealeit@mapquest.com,8412611
679,Raymund,Aslin,Male,1/2/1959,Research Nurse,Business Development,12/14/2014,rasliniu@reuters.com,8173260
680,Becka,Alliberton,Polygender,1/5/1978,Compensation Analyst,Business Development,8/12/2011,ballibertoniv@gizmodo.com,2144916
681,Lukas,Rudall,Male,12/19/1980,Marketing Manager,Business Development,1/24/2016,lrudalliw@cam.ac.uk,1593837
682,Sanford,Odeson,Polygender,10/9/1960,Research Nurse,Product Management,5/15/2016,sodesonix@irs.gov,175070
683,Shelley,McIllrick,Female,12/9/1982,Sales Associate,Research and Development,12/17/2011,smcillrickiy@earthlink.net,3609201
684,Dietrich,Hincham,Male,4/30/1991,Structural Engineer,Support,3/8/2015,dhinchamiz@columbia.edu,6989929
685,Reggi,Andrea,Female,9/2/1989,Design Engineer,Business Development,12/5/2015,randreaj0@huffingtonpost.com,6705754
686,Raddy,Grzegorek,Male,3/15/1963,Environmental Specialist,Human Resources,12/7/2014,rgrzegorekj1@google.nl,8812964
687,Antonetta,Clouter,Non-binary,3/31/1981,Account Coordinator,Accounting,2/4/2020,aclouterj2@t.co,4294287
688,Dave,Prawle,Male,1/10/1986,Occupational Therapist,Marketing,6/13/2012,dprawlej3@elpais.com,9248461
689,Humberto,Jacobowitz,Male,8/18/1977,Research Nurse,Research and Development,11/15/2010,hjacobowitzj4@de.vu,4049554
690,Tobey,Winspurr,Genderqueer,4/28/1987,Recruiting Manager,Business Development,12/28/2016,twinspurrj5@uiuc.edu,9741202
691,Marcus,Perutto,Male,10/19/1964,Geological Engineer,Research and Development,6/13/2011,mperuttoj6@usa.gov,4842375
692,Christiana,McComas,Female,8/31/1992,Web Developer II,Marketing,8/28/2017,cmccomasj7@mac.com,8647260
693,Marijn,Frostick,Genderqueer,7/19/1976,Director of Sales,Human Resources,5/23/2018,mfrostickj8@arizona.edu,2266610
694,Egor,Lumbley,Male,3/24/1964,Pharmacist,Sales,3/30/2016,elumbleyj9@businesswire.com,3074858
695,Derk,Victor,Male,12/29/1976,VP Quality Control,Services,6/30/2018,dvictorja@i2i.jp,1678194
696,Ethel,Ribbens,Female,6/18/1958,Structural Engineer,Accounting,12/2/2016,eribbensjb@shareasale.com,1329451
697,Staffard,Kobera,Male,10/1/1952,VP Product Management,Accounting,2/16/2016,skoberajc@weather.com,8764797
698,Suzi,Claridge,Female,4/9/1969,Staff Scientist,Human Resources,1/7/2021,sclaridgejd@newsvine.com,1455916
699,Shirleen,Douris,Female,7/14/1952,Staff Accountant I,Human Resources,12/21/2020,sdourisje@epa.gov,4719834
700,Corbett,Penddreth,Male,5/24/1982,Occupational Therapist,Legal,10/8/2019,cpenddrethjf@mediafire.com,5379231
701,Obadias,Remnant,Male,9/15/1981,Developer IV,Engineering,6/7/2014,oremnantjg@microsoft.com,3811248
702,Elroy,Timothy,Male,7/7/1976,Geological Engineer,Product Management,9/20/2010,etimothyjh@tiny.cc,5042877
703,Chariot,Featherstonhaugh,Male,4/14/1990,Software Engineer II,Human Resources,11/20/2015,cfeatherstonhaughji@people.com.cn,2274875
704,Paddy,Beert,Male,2/2/1984,Chemical Engineer,Research and Development,7/6/2020,pbeertjj@mapy.cz,1549251
705,Leoine,Wrey,Female,6/13/1970,VP Marketing,Engineering,7/27/2014,lwreyjk@blogtalkradio.com,8752195
706,Antoni,Bonar,Male,12/23/1966,Electrical Engineer,Engineering,5/29/2012,abonarjl@hostgator.com,2461271
707,Ermin,Dyet,Agender,4/25/1960,Financial Analyst,Business Development,6/12/2010,edyetjm@opensource.org,9164855
708,Krysta,Koppeck,Female,1/17/1969,Geological Engineer,Marketing,3/15/2010,kkoppeckjn@theglobeandmail.com,8955506
709,Carley,Ballister,Female,8/31/1954,Tax Accountant,Services,12/16/2018,cballisterjo@disqus.com,4121830
710,Durward,Lynett,Male,1/9/1978,Web Developer IV,Research and Development,2/9/2016,dlynettjp@amazonaws.com,3232310
711,Christan,Cassidy,Female,7/28/1973,Environmental Specialist,Engineering,9/14/2015,ccassidyjq@opera.com,2773741
712,Carmel,Garretson,Female,1/26/1980,Physical Therapy Assistant,Human Resources,1/15/2017,cgarretsonjr@nytimes.com,688740
713,Guendolen,Totterdill,Female,8/10/1974,Biostatistician III,Services,1/21/2013,gtotterdilljs@tinypic.com,3222148
714,Sauncho,Raymond,Non-binary,8/5/1957,Occupational Therapist,Research and Development,4/18/2020,sraymondjt@i2i.jp,1122397
715,Worthington,Tourry,Male,3/28/1982,Associate Professor,Legal,11/13/2021,wtourryju@aol.com,8002581
716,Freddi,Cowterd,Female,10/5/1974,Executive Secretary,Sales,7/21/2019,fcowterdjv@dell.com,1974076
717,Aldis,Chippendale,Male,9/9/1978,Chemical Engineer,Services,11/17/2018,achippendalejw@shutterfly.com,1112336
718,Almire,Lownds,Female,7/26/1960,Social Worker,Legal,8/2/2016,alowndsjx@economist.com,9582705
719,Toby,Biddle,Female,10/7/1990,Programmer Analyst III,Sales,9/30/2017,tbiddlejy@usatoday.com,2814695
720,Karleen,Wehnerr,Female,2/14/1986,Sales Associate,Legal,1/27/2011,kwehnerrjz@scribd.com,3955857
721,Leeland,January,Male,1/30/1977,Community Outreach Specialist,Accounting,8/20/2016,ljanuaryk0@instagram.com,2044233
722,Halimeda,Chasles,Female,12/31/1992,Statistician II,Research and Development,8/13/2014,hchaslesk1@harvard.edu,3451055
723,Ruben,Orsi,Bigender,1/31/1956,Assistant Professor,Human Resources,4/4/2012,rorsik2@geocities.jp,7064860
724,Matty,Denisot,Female,2/2/1999,Cost Accountant,Research and Development,10/5/2010,mdenisotk3@seesaa.net,7410267
725,Leonora,Briatt,Female,2/5/1963,Office Assistant IV,Services,3/5/2018,lbriattk4@bigcartel.com,2468289
726,Thatch,Dargan,Genderqueer,6/20/1978,Senior Quality Engineer,Services,5/15/2012,tdargank5@opensource.org,455325
727,Giraud,Shoveller,Male,8/5/1985,Registered Nurse,Business Development,1/18/2017,gshovellerk6@state.gov,4403582
728,Gustie,Major,Female,2/25/1960,Account Representative III,Research and Development,2/15/2012,gmajork7@accuweather.com,7579448
729,Cesare,Arnaldy,Male,2/16/1952,Recruiter,Support,8/30/2017,carnaldyk8@hhs.gov,8701707
730,Kaiser,Dartan,Male,4/26/1982,Dental Hygienist,Sales,5/1/2010,kdartank9@mac.com,6069027
731,Astrix,Neller,Female,10/15/1968,Actuary,Support,1/5/2021,anellerka@themeforest.net,7967742
732,Dyana,Beane,Female,3/15/1952,Design Engineer,Legal,11/29/2020,dbeanekb@list-manage.com,1620227
733,Ode,Astill,Male,10/18/1989,Pharmacist,Legal,4/14/2010,oastillkc@flavors.me,2121454
734,Edmon,Grendon,Male,7/30/1989,Engineer IV,Training,8/17/2012,egrendonkd@bbc.co.uk,312307
735,Chad,Trollope,Male,6/24/1961,Environmental Specialist,Product Management,11/17/2016,ctrollopeke@unicef.org,9616953
736,Emmy,Leadstone,Male,11/17/1969,Payment Adjustment Coordinator,Legal,11/22/2021,eleadstonekf@utexas.edu,6517930
737,Jarret,Dumbelton,Male,11/27/1973,Clinical Specialist,Support,7/13/2018,jdumbeltonkg@patch.com,5386455
738,Cecily,Fulstow,Female,7/26/1982,Human Resources Assistant I,Engineering,4/29/2013,cfulstowkh@mit.edu,8705638
739,Nappy,Napthine,Male,3/10/1968,Project Manager,Training,6/10/2021,nnapthineki@statcounter.com,3933876
740,Christi,Ullyatt,Agender,7/17/1997,Sales Associate,Support,11/9/2016,cullyattkj@constantcontact.com,3617126
741,Elonore,Haselgrove,Female,10/26/1969,Software Consultant,Engineering,4/25/2017,ehaselgrovekk@instagram.com,8863348
742,Hendrik,Yushkin,Male,5/31/1978,Nurse,Support,5/17/2016,hyushkinkl@instagram.com,421182
743,Flin,McPharlain,Male,7/2/1972,Structural Engineer,Legal,11/24/2011,fmcpharlainkm@nps.gov,8595465
744,Gordie,Scholes,Male,12/11/1955,Chemical Engineer,Research and Development,3/12/2017,gscholeskn@indiatimes.com,4656451
745,Daveen,Bofield,Female,5/20/1980,Analyst Programmer,Sales,11/5/2015,dbofieldko@devhub.com,122129
746,Monroe,Stephens,Male,10/21/1957,Software Consultant,Human Resources,5/18/2019,mstephenskp@unc.edu,1086638
747,Kennan,Espada,Polygender,1/1/1966,Structural Engineer,Product Management,11/6/2013,kespadakq@youku.com,9972610
748,Averill,Beton,Male,5/23/1994,Structural Analysis Engineer,Product Management,5/24/2018,abetonkr@tiny.cc,2237676
749,Roana,Gemson,Bigender,2/16/1969,Web Developer I,Research and Development,10/2/2017,rgemsonks@wikispaces.com,4493270
750,Isacco,Prestwich,Male,12/14/1971,Data Coordinator,Training,11/20/2021,iprestwichkt@surveymonkey.com,5446700
751,Leland,Emblin,Female,8/7/1995,Tax Accountant,Training,9/7/2012,lemblinku@utexas.edu,7503281
752,Mommy,McMahon,Female,3/18/1959,Budget/Accounting Analyst IV,Accounting,5/16/2010,mmcmahonkv@wiley.com,4679753
753,Steffane,Colerick,Female,9/18/1976,Geologist II,Sales,9/5/2010,scolerickkw@aol.com,7474549
754,Kim,Shakle,Male,8/19/1978,Quality Control Specialist,Legal,9/14/2015,kshaklekx@amazon.co.jp,9700968
755,Parry,Dawtre,Male,6/15/1969,Health Coach II,Human Resources,4/25/2017,pdawtreky@sciencedirect.com,384292
756,Tabbatha,Dowdall,Non-binary,6/8/1997,Physical Therapy Assistant,Sales,7/23/2012,tdowdallkz@amazon.co.jp,4898179
757,Avrom,Footitt,Male,2/26/1998,Electrical Engineer,Business Development,6/26/2020,afootittl0@mapy.cz,6146886
758,Engelbert,Crumbleholme,Male,8/30/1978,Executive Secretary,Product Management,1/17/2020,ecrumbleholmel1@umn.edu,1057832
759,Becky,Shepherd,Genderfluid,8/20/1956,Senior Cost Accountant,Accounting,12/13/2021,bshepherdl2@go.com,9910633
760,Felipe,Allward,Male,5/11/1973,Financial Analyst,Human Resources,4/28/2015,fallwardl3@who.int,1227527
761,Caritta,Byres,Female,7/1/1988,Executive Secretary,Training,8/18/2015,cbyresl4@homestead.com,9944413
762,Roscoe,Beane,Male,5/29/1989,Budget/Accounting Analyst III,Human Resources,7/25/2010,rbeanel5@fc2.com,301419
763,Golda,Lafranconi,Female,11/15/1988,Social Worker,Research and Development,4/16/2014,glafranconil6@google.it,5977910
764,Kora,Slemmonds,Female,5/10/1967,Structural Analysis Engineer,Human Resources,2/18/2020,kslemmondsl7@jimdo.com,4435109
765,Kirby,Buller,Male,6/28/1961,Technical Writer,Services,11/20/2014,kbullerl8@bing.com,8723945
766,Genovera,Delgadillo,Bigender,4/9/1956,GIS Technical Architect,Legal,10/6/2017,gdelgadillol9@miibeian.gov.cn,4349245
767,Danit,Tunder,Female,5/10/1983,Nurse,Human Resources,2/10/2012,dtunderla@usa.gov,5891539
768,Blake,Summerill,Female,5/3/1995,Staff Accountant II,Product Management,12/13/2013,bsummerilllb@taobao.com,922223
769,Cecily,Merrgen,Female,9/8/1971,Human Resources Manager,Legal,1/25/2017,cmerrgenlc@pen.io,5727199
770,Josefa,Staff,Female,4/3/1999,Cost Accountant,Human Resources,3/31/2012,jstaffld@bbc.co.uk,3779523
771,Ira,Cheine,Male,1/9/1969,VP Marketing,Product Management,3/31/2021,icheinele@weibo.com,9757390
772,Vance,McGuire,Male,3/16/1999,Accounting Assistant IV,Training,8/23/2015,vmcguirelf@vk.com,8724459
773,Ibby,Dundin,Female,2/11/1962,Payment Adjustment Coordinator,Product Management,10/31/2021,idundinlg@t.co,5928644
774,Nikolaos,Gann,Male,11/5/1958,Research Nurse,Sales,3/22/2017,ngannlh@devhub.com,4467976
775,Rochester,Paffitt,Male,8/11/1999,Executive Secretary,Training,8/1/2012,rpaffittli@wunderground.com,2881286
776,Billy,Miners,Male,7/22/1983,Staff Scientist,Training,6/15/2020,bminerslj@taobao.com,294886
777,Lilllie,Gillyatt,Female,11/27/1963,Associate Professor,Legal,10/27/2010,lgillyattlk@furl.net,5790281
778,Madelin,Thacker,Female,12/10/1958,Occupational Therapist,Sales,6/29/2017,mthackerll@drupal.org,9140894
779,Audrey,Antonescu,Female,5/4/1966,Business Systems Development Analyst,Sales,4/11/2016,aantonesculm@mapquest.com,592239
780,Cathy,Iffland,Female,1/7/1954,VP Quality Control,Product Management,12/16/2014,cifflandln@goodreads.com,1501371
781,Frannie,Hackinge,Agender,11/20/1979,Account Representative II,Human Resources,4/28/2019,fhackingelo@auda.org.au,2493347
782,Zeb,Arundel,Male,8/10/1952,Engineer III,Product Management,1/4/2015,zarundellp@github.com,2553768
783,Saunder,Kalaher,Male,10/7/1981,Registered Nurse,Business Development,2/20/2011,skalaherlq@shareasale.com,2144761
784,Lanna,Goodfield,Female,7/9/1973,Librarian,Business Development,9/19/2019,lgoodfieldlr@xing.com,4530817
785,Nicky,Matthewson,Female,8/5/1965,Help Desk Operator,Human Resources,9/5/2014,nmatthewsonls@free.fr,9496742
786,Bonita,Ulyat,Female,3/21/1983,Administrative Assistant III,Services,3/16/2016,bulyatlt@tuttocitta.it,812898
787,Marietta,Cuardall,Female,11/28/1978,Assistant Manager,Accounting,9/3/2013,mcuardalllu@fda.gov,2067858
788,Hewie,Astill,Male,10/4/1973,Research Assistant IV,Sales,6/13/2018,hastilllv@netscape.com,1761459
789,Germain,Fallens,Male,1/13/1990,Assistant Manager,Legal,9/17/2021,gfallenslw@cnn.com,6859660
790,Renae,Di Filippo,Female,5/22/1973,VP Marketing,Human Resources,8/7/2019,rdifilippolx@ucoz.ru,1046154
791,Jinny,Stores,Female,10/19/1995,Junior Executive,Product Management,1/21/2013,jstoresly@fc2.com,1528318
792,Lorianne,Kalinsky,Female,7/22/1982,Paralegal,Business Development,12/12/2021,lkalinskylz@tripadvisor.com,25159
793,Gonzales,Stucke,Bigender,6/19/1980,Legal Assistant,Services,1/17/2015,gstuckem0@ameblo.jp,1778369
794,Dorian,Edds,Male,3/26/1971,Developer IV,Accounting,6/5/2018,deddsm1@is.gd,6685453
795,Ericha,Sola,Female,6/29/1967,Dental Hygienist,Product Management,12/7/2012,esolam2@wix.com,7401984
796,Delphinia,Routham,Female,9/5/1953,Information Systems Manager,Services,9/17/2012,drouthamm3@timesonline.co.uk,3322715
797,Arty,Frangleton,Male,6/19/1956,Statistician IV,Product Management,2/13/2012,afrangletonm4@youtu.be,1362072
798,Hilly,Rolston,Male,3/19/1989,Junior Executive,Research and Development,10/26/2021,hrolstonm5@latimes.com,9147296
799,Donall,Firmager,Male,1/30/1995,Environmental Specialist,Business Development,10/17/2017,dfirmagerm6@vinaora.com,3598726
800,Henrietta,Gadney,Female,7/19/1959,Physical Therapy Assistant,Sales,4/20/2010,hgadneym7@oakley.com,5521138
801,Shae,Poppy,Male,6/17/1954,Assistant Professor,Engineering,7/11/2017,spoppym8@dyndns.org,5669524
802,Mab,McFayden,Female,11/11/1959,Automation Specialist II,Accounting,11/28/2019,mmcfaydenm9@digg.com,3577770
803,Madeleine,Collett,Female,1/28/1974,Senior Financial Analyst,Marketing,2/27/2021,mcollettma@ycombinator.com,1841240
804,Thomasin,Trench,Female,6/24/1951,Electrical Engineer,Sales,9/18/2016,ttrenchmb@surveymonkey.com,8624243
805,Abbey,Wright,Female,7/21/1999,Media Manager III,Training,9/6/2012,awrightmc@techcrunch.com,5650825
806,Carmencita,Cursons,Female,6/7/1993,Senior Developer,Services,7/4/2017,ccursonsmd@bigcartel.com,9407168
807,Ernestus,Gumby,Male,2/13/1976,Database Administrator III,Accounting,12/18/2010,egumbyme@360.cn,749934
808,Leisha,Dawid,Female,11/29/1957,Structural Analysis Engineer,Human Resources,6/26/2011,ldawidmf@aboutads.info,6029053
809,Lucille,Gwioneth,Female,1/2/1984,Computer Systems Analyst IV,Legal,2/1/2014,lgwionethmg@studiopress.com,5615818
810,Trefor,Baldam,Male,7/22/1965,Nurse,Services,7/20/2017,tbaldammh@odnoklassniki.ru,1223565
811,Conrade,Toomey,Male,11/9/1960,Community Outreach Specialist,Sales,3/29/2012,ctoomeymi@indiegogo.com,16791
812,Romeo,Blazeby,Male,2/26/1962,Paralegal,Research and Development,2/5/2014,rblazebymj@deliciousdays.com,560312
813,Barnabas,Stanex,Male,4/2/1955,Senior Developer,Training,8/8/2018,bstanexmk@home.pl,2624695
814,Wenda,Luffman,Female,10/11/1981,Senior Quality Engineer,Business Development,10/19/2013,wluffmanml@cocolog-nifty.com,8698099
815,Maxy,Paulazzi,Male,2/25/1960,Help Desk Technician,Training,10/29/2013,mpaulazzimm@time.com,3240782
816,Dolf,Schinetti,Male,4/15/1986,VP Marketing,Support,6/10/2019,dschinettimn@jalbum.net,5206562
817,Nixie,Feuell,Female,4/14/1994,Design Engineer,Sales,9/9/2011,nfeuellmo@businessinsider.com,9822342
818,Helaine,Ashbee,Female,10/29/1977,Physical Therapy Assistant,Research and Development,8/29/2020,hashbeemp@si.edu,1556677
819,Oriana,Cattemull,Female,10/26/1974,Speech Pathologist,Training,10/4/2021,ocattemullmq@dedecms.com,3423503
820,Horatio,Narramor,Agender,11/5/1986,GIS Technical Architect,Services,3/30/2016,hnarramormr@time.com,8552756
821,Ervin,Winyard,Male,1/12/1996,Design Engineer,Sales,1/11/2014,ewinyardms@sphinn.com,1828580
822,Beale,Neward,Male,3/7/1952,Product Engineer,Business Development,4/18/2018,bnewardmt@reddit.com,2734577
823,Del,Pourvoieur,Female,4/19/1980,Occupational Therapist,Support,6/7/2013,dpourvoieurmu@ucoz.com,8389837
824,Letizia,Mearing,Female,8/17/1969,Nurse,Legal,5/19/2014,lmearingmv@cdc.gov,1305429
825,Raychel,Kidgell,Female,3/13/1976,Research Associate,Support,12/18/2021,rkidgellmw@pbs.org,597594
826,Geoffrey,Busswell,Male,11/10/1985,Senior Cost Accountant,Marketing,4/29/2020,gbusswellmx@nationalgeographic.com,4141592
827,Gabe,Tomaello,Male,11/18/1953,Help Desk Technician,Research and Development,11/29/2018,gtomaellomy@sciencedaily.com,7334386
828,Errick,Rowena,Male,12/10/1979,Assistant Manager,Training,6/17/2019,erowenamz@ebay.co.uk,6851084
829,Miquela,Loyd,Female,4/21/1996,Administrative Officer,Support,12/3/2019,mloydn0@opensource.org,5691968
830,Larry,Physic,Male,9/14/1952,Administrative Officer,Human Resources,10/27/2016,lphysicn1@icq.com,8538260
831,Hanson,Coutthart,Male,5/21/1967,Actuary,Support,6/22/2013,hcoutthartn2@plala.or.jp,5278588
832,Cammie,Smooth,Female,2/24/1996,Director of Sales,Research and Development,10/14/2012,csmoothn3@plala.or.jp,215284
833,Paxon,Reuther,Male,10/11/1978,Accountant I,Accounting,10/31/2017,preuthern4@purevolume.com,5749067
834,Marris,Rubinlicht,Female,10/14/1978,Health Coach III,Sales,3/12/2014,mrubinlichtn5@washington.edu,2831326
835,Alyda,Just,Female,9/18/1956,Software Test Engineer IV,Training,5/27/2012,ajustn6@goo.ne.jp,7160056
836,Jeanine,Hall,Female,2/9/1955,Marketing Assistant,Training,5/19/2017,jhalln7@toplist.cz,8166142
837,Velma,McKay,Female,5/4/1958,Nurse Practicioner,Marketing,4/7/2015,vmckayn8@hao123.com,7653346
838,Tomasine,Pigne,Female,4/21/1957,GIS Technical Architect,Marketing,7/23/2014,tpignen9@live.com,9166620
839,Edgard,O'Griffin,Genderqueer,2/26/1950,Internal Auditor,Marketing,4/15/2012,eogriffinna@wiley.com,9576192
840,Niles,Vaen,Male,9/8/1998,Associate Professor,Marketing,7/29/2013,nvaennb@ycombinator.com,251663
841,Bartholemy,Torns,Male,5/31/1971,Account Executive,Marketing,11/11/2016,btornsnc@ustream.tv,7898564
842,Haily,Ors,Male,12/3/1950,Clinical Specialist,Product Management,5/27/2012,horsnd@topsy.com,1798869
843,Augusta,Corner,Female,5/15/1978,Assistant Manager,Training,1/26/2016,acornerne@joomla.org,362155
844,L;urette,Gallaway,Female,8/1/1975,Environmental Tech,Research and Development,12/19/2017,lgallawaynf@wikispaces.com,6072748
845,Aldwin,Medlen,Male,6/19/1983,Computer Systems Analyst I,Support,3/28/2015,amedlenng@craigslist.org,1257259
846,Roland,Jambrozek,Male,11/20/1963,Account Representative I,Services,9/26/2018,rjambrozeknh@plala.or.jp,1905474
847,Bertha,McIlheran,Female,9/4/1976,Cost Accountant,Support,7/22/2010,bmcilheranni@paginegialle.it,3998893
848,Tabbi,Imlock,Female,11/14/1995,Chemical Engineer,Business Development,7/24/2019,timlocknj@w3.org,1775296
849,Faulkner,Ostridge,Male,1/26/1972,Web Developer IV,Product Management,12/25/2021,fostridgenk@gmpg.org,2335010
850,Isidore,Flowerdew,Genderfluid,11/18/1988,Structural Engineer,Support,9/29/2017,iflowerdewnl@alexa.com,8358293
851,Christin,Sijmons,Female,8/12/1997,Civil Engineer,Accounting,6/19/2010,csijmonsnm@drupal.org,7174359
852,Napoleon,Meach,Male,8/24/1993,Biostatistician II,Product Management,9/26/2012,nmeachnn@jalbum.net,2384914
853,Minne,Dalmon,Female,11/24/1963,Electrical Engineer,Marketing,3/3/2017,mdalmonno@washingtonpost.com,8403974
854,Jerrold,Vittore,Male,6/14/1963,Librarian,Product Management,12/14/2018,jvittorenp@ycombinator.com,1201161
855,Hughie,Deares,Male,8/14/1997,Marketing Assistant,Human Resources,7/6/2021,hdearesnq@google.com.hk,3989290
856,Jose,Kleis,Male,4/5/1989,Research Associate,Legal,9/16/2015,jkleisnr@jugem.jp,2566694
857,Yanaton,Latus,Male,1/6/1974,Chief Design Engineer,Business Development,7/23/2021,ylatusns@cloudflare.com,36431
858,Concordia,Fenimore,Female,5/12/1970,Desktop Support Technician,Research and Development,7/3/2018,cfenimorent@ustream.tv,913341
859,Dieter,Frowen,Male,4/30/1992,Human Resources Manager,Business Development,6/2/2018,dfrowennu@admin.ch,8032801
860,Avigdor,Clail,Male,11/20/1965,Programmer II,Research and Development,3/5/2021,aclailnv@ow.ly,2458040
861,Susanna,Aubury,Female,10/22/1972,Environmental Tech,Human Resources,12/19/2016,sauburynw@wiley.com,161836
862,Kristien,Clayill,Female,4/9/1984,Senior Developer,Business Development,5/21/2011,kclayillnx@mysql.com,7761357
863,Carroll,Osbiston,Female,7/28/1975,Structural Engineer,Research and Development,1/18/2021,cosbistonny@google.com.br,1097391
864,Mikel,Mault,Male,7/20/1971,Civil Engineer,Services,2/17/2020,mmaultnz@opera.com,2293979
865,Katerine,Porte,Female,3/8/1962,Staff Scientist,Human Resources,12/28/2013,kporteo0@mashable.com,6933219
866,Oralie,Kos,Female,11/28/1959,Computer Systems Analyst IV,Product Management,1/8/2011,okoso1@chicagotribune.com,4880015
867,Juline,Spalls,Female,5/7/1979,VP Marketing,Sales,3/27/2016,jspallso2@prnewswire.com,5902098
868,Von,Fairley,Male,10/12/1974,Assistant Professor,Services,5/29/2018,vfairleyo3@sfgate.com,363676
869,Nevsa,Youle,Female,7/28/1967,Chief Design Engineer,Training,6/25/2013,nyouleo4@elpais.com,5371902
870,Aubert,Whiff,Male,5/15/1980,Tax Accountant,Sales,6/30/2019,awhiffo5@biglobe.ne.jp,6759936
871,Jeno,Worcs,Male,9/15/1989,VP Sales,Engineering,5/24/2018,jworcso6@ocn.ne.jp,8151996
872,Thorndike,Van,Male,5/23/1966,Physical Therapy Assistant,Training,10/23/2010,tvano7@irs.gov,8930050
873,Ilario,Drepp,Male,4/12/1989,Pharmacist,Services,5/17/2020,idreppo8@behance.net,5528460
874,Hettie,Murcutt,Female,12/5/1990,Accounting Assistant III,Marketing,1/31/2012,hmurcutto9@bloomberg.com,6463162
875,Prentiss,Laise,Male,11/4/1997,Accountant IV,Business Development,4/13/2010,plaiseoa@tripod.com,5544056
876,Armando,Matusevich,Male,10/7/1955,Project Manager,Accounting,5/25/2011,amatusevichob@uiuc.edu,4977517
877,Augustus,Galland,Male,2/10/1975,Mechanical Systems Engineer,Training,11/12/2020,agallandoc@gnu.org,1851508
878,Ofilia,Slocum,Female,9/5/1952,Operator,Engineering,3/14/2021,oslocumod@fda.gov,8690540
879,Dalton,O'Hoolahan,Male,9/17/1971,Help Desk Technician,Training,10/13/2019,dohoolahanoe@arstechnica.com,4263892
880,Cody,Hasnney,Polygender,3/24/1991,Analog Circuit Design manager,Product Management,8/18/2012,chasnneyof@ox.ac.uk,194672
881,Anna,Ivanchov,Female,8/16/1963,Research Assistant II,Accounting,12/29/2020,aivanchovog@domainmarket.com,7208424
882,Elroy,Ferrettino,Male,8/30/1994,Budget/Accounting Analyst III,Human Resources,3/30/2018,eferrettinooh@arstechnica.com,5634885
883,Sayers,Doble,Male,4/23/1951,Payment Adjustment Coordinator,Marketing,8/14/2012,sdobleoi@gizmodo.com,9175429
884,Doy,Kensy,Male,9/16/1985,Professor,Accounting,8/20/2019,dkensyoj@google.com.au,2896139
885,Kory,Barnewille,Male,8/17/1992,Chemical Engineer,Product Management,10/7/2016,kbarnewilleok@deviantart.com,9656214
886,Dillie,Legan,Male,4/23/1950,Health Coach IV,Support,6/5/2012,dleganol@friendfeed.com,8966286
887,Salvador,Bansal,Male,1/15/1967,Computer Systems Analyst IV,Business Development,7/26/2014,sbansalom@icio.us,5105388
888,Louisette,Krzysztofiak,Female,9/1/1985,Safety Technician II,Accounting,5/26/2021,lkrzysztofiakon@microsoft.com,1480388
889,Danika,Kowal,Female,11/24/1964,Information Systems Manager,Human Resources,12/2/2020,dkowaloo@smh.com.au,4171353
890,Anet,Baumann,Female,9/15/1981,Marketing Manager,Legal,6/3/2014,abaumannop@ucsd.edu,538138
891,Terence,Tison,Male,6/5/1973,Geologist IV,Sales,6/4/2013,ttisonoq@oracle.com,7418819
892,Gunter,Suerz,Male,6/23/1995,Sales Associate,Marketing,9/4/2020,gsuerzor@amazon.co.jp,4828203
893,Charmane,Abazi,Female,3/13/1970,Engineer II,Sales,8/9/2014,cabazios@walmart.com,2659155
894,Benedetta,Scones,Female,12/4/1999,Community Outreach Specialist,Business Development,10/22/2018,bsconesot@nba.com,5309310
895,Rosalind,Garrish,Female,1/27/1960,Account Coordinator,Engineering,7/19/2014,rgarrishou@cdc.gov,424625
896,Jillana,Deverill,Bigender,5/19/1962,Research Associate,Product Management,5/6/2018,jdeverillov@php.net,4606735
897,Wileen,Leate,Female,11/15/1951,Office Assistant IV,Services,9/27/2021,wleateow@deviantart.com,2633583
898,Denys,Cearley,Female,1/14/1961,Paralegal,Business Development,8/31/2014,dcearleyox@youtube.com,246055
899,Daile,Cufley,Female,7/18/1964,Internal Auditor,Support,4/7/2010,dcufleyoy@microsoft.com,6305254
900,Lynnette,Coverdill,Female,7/18/1960,Structural Engineer,Legal,1/29/2013,lcoverdilloz@answers.com,2078460
901,Ruprecht,Musk,Male,1/4/1954,Senior Cost Accountant,Engineering,8/9/2020,rmuskp0@npr.org,4361102
902,Gretta,Hallin,Female,3/31/1984,Design Engineer,Support,5/13/2020,ghallinp1@cbc.ca,4087104
903,Zacharia,Chaucer,Male,10/27/1953,Civil Engineer,Accounting,11/25/2018,zchaucerp2@cloudflare.com,9501543
904,Ferguson,Moggie,Male,1/31/1958,Software Consultant,Business Development,4/20/2014,fmoggiep3@skyrock.com,3299047
905,Alvis,Emmet,Male,5/15/1997,Senior Sales Associate,Research and Development,11/2/2021,aemmetp4@umich.edu,47657
906,Clemmy,Borborough,Male,4/10/1977,Web Designer I,Legal,1/28/2014,cborboroughp5@ebay.co.uk,4555493
907,Steve,Attwooll,Male,4/28/1968,Help Desk Technician,Product Management,11/8/2010,sattwoollp6@blinklist.com,2685305
908,Andonis,Hablet,Male,9/5/1994,Developer IV,Marketing,1/30/2013,ahabletp7@godaddy.com,7744009
909,Minetta,Vick,Female,2/4/1993,Systems Administrator IV,Legal,9/4/2011,mvickp8@harvard.edu,4827723
910,Demetris,Posse,Female,10/20/1969,Marketing Assistant,Training,12/27/2011,dpossep9@sourceforge.net,9608583
911,Bevan,Knibbs,Male,8/21/1951,Recruiter,Human Resources,10/21/2016,bknibbspa@howstuffworks.com,5532969
912,Constantine,Pechard,Female,3/25/1970,Recruiting Manager,Research and Development,2/14/2021,cpechardpb@uiuc.edu,6235026
913,Randi,Kaiser,Male,7/27/1961,Mechanical Systems Engineer,Product Management,6/29/2019,rkaiserpc@163.com,4314933
914,Winni,Teodoro,Female,10/26/1980,Design Engineer,Services,1/2/2016,wteodoropd@nydailynews.com,8129503
915,Trescha,Guyonnet,Non-binary,9/15/1967,Legal Assistant,Engineering,6/19/2017,tguyonnetpe@amazon.co.uk,420767
916,Porter,Rozzier,Male,10/30/1958,Account Executive,Accounting,10/6/2019,prozzierpf@reference.com,3055613
917,Nolan,Mayte,Male,8/4/1991,Civil Engineer,Support,10/13/2020,nmaytepg@booking.com,8912145
918,Hildagard,Groocock,Female,7/26/1979,Environmental Tech,Engineering,1/22/2012,hgroocockph@google.es,18681
919,Abeu,Lowthorpe,Male,10/23/1993,Statistician III,Support,10/23/2014,alowthorpepi@qq.com,6816670
920,Paton,Rudgerd,Male,6/9/1973,Systems Administrator IV,Services,12/31/2018,prudgerdpj@reference.com,3501730
921,Alecia,Fowlie,Female,4/20/1992,Health Coach II,Sales,8/22/2016,afowliepk@linkedin.com,6707042
922,Kerrie,Ocklin,Genderqueer,10/17/1968,Design Engineer,Legal,9/26/2020,kocklinpl@digg.com,3486123
923,Arney,Santhouse,Male,2/20/1977,Human Resources Manager,Human Resources,2/23/2012,asanthousepm@cargocollective.com,5698935
924,Marti,Kivlin,Female,4/17/1986,Account Representative I,Legal,12/8/2016,mkivlinpn@yandex.ru,4594075
925,Helaina,Axell,Female,11/30/1984,Cost Accountant,Product Management,11/29/2018,haxellpo@nymag.com,3254527
926,Giorgia,Godmar,Female,2/14/1999,Tax Accountant,Human Resources,7/7/2018,ggodmarpp@yahoo.co.jp,4649763
927,Sheila,Tissier,Female,10/2/1978,Help Desk Operator,Accounting,6/17/2010,stissierpq@weebly.com,6673937
928,Pauly,Skelhorn,Male,12/23/1965,Software Test Engineer III,Sales,4/13/2016,pskelhornpr@slideshare.net,7290380
929,Rubetta,Westmorland,Female,11/14/1968,General Manager,Services,1/11/2011,rwestmorlandps@technorati.com,6390448
930,Molly,Humphrys,Female,6/8/1998,Automation Specialist II,Legal,8/17/2014,mhumphryspt@google.ca,7154957
931,Lita,Grieve,Female,9/6/1952,Executive Secretary,Training,1/5/2015,lgrievepu@ehow.com,7800761
932,Betteann,Bingham,Female,9/8/1976,General Manager,Human Resources,3/16/2019,bbinghampv@eepurl.com,909369
933,Rosalynd,Seary,Female,3/16/1964,Assistant Manager,Product Management,11/7/2016,rsearypw@ft.com,431069
934,Josselyn,Rowlings,Female,4/8/1950,Developer II,Legal,9/15/2018,jrowlingspx@columbia.edu,4399532
935,Iolanthe,Kibbel,Female,8/13/1972,Financial Advisor,Human Resources,1/13/2010,ikibbelpy@businesswire.com,5102697
936,Livvyy,Wevell,Female,9/20/1978,Librarian,Engineering,3/22/2017,lwevellpz@un.org,4314553
937,Berny,Cheesman,Female,5/17/1951,Internal Auditor,Human Resources,3/5/2013,bcheesmanq0@xing.com,3880375
938,Ivar,Sarjant,Male,10/7/1975,Dental Hygienist,Training,1/14/2014,isarjantq1@cloudflare.com,3668667
939,Earle,Junes,Male,4/22/1990,Design Engineer,Marketing,5/29/2012,ejunesq2@cocolog-nifty.com,614034
940,Allayne,Oxford,Male,5/1/1979,Executive Secretary,Support,6/14/2020,aoxfordq3@youtu.be,2652336
941,Ginni,Westby,Female,2/10/1985,Accounting Assistant II,Accounting,10/20/2012,gwestbyq4@walmart.com,539208
942,Niki,MacAless,Male,7/11/1987,Marketing Manager,Business Development,6/11/2019,nmacalessq5@elpais.com,4900086
943,Rhodia,Easseby,Agender,10/28/1997,Editor,Services,11/2/2018,reassebyq6@angelfire.com,763969
944,Barri,Adolfson,Male,11/25/1996,Director of Sales,Accounting,12/4/2019,badolfsonq7@sphinn.com,9500581
945,Jacquette,Litzmann,Female,11/4/1990,Information Systems Manager,Support,1/27/2014,jlitzmannq8@nbcnews.com,37933
946,Grenville,Enrich,Male,10/18/1974,VP Sales,Sales,3/1/2020,genrichq9@wordpress.org,5224721
947,Megen,Ivanenko,Female,7/2/1971,Biostatistician IV,Engineering,11/27/2016,mivanenkoqa@blogger.com,6093911
948,Ellyn,Way,Female,3/8/1960,Pharmacist,Marketing,6/15/2012,ewayqb@google.pl,2289192
949,Eirena,Applewhaite,Female,11/4/1969,Nuclear Power Engineer,Training,11/10/2015,eapplewhaiteqc@china.com.cn,2542109
950,Laurence,Bruyntjes,Male,1/23/1951,Recruiting Manager,Training,9/3/2019,lbruyntjesqd@networkadvertising.org,4592735
951,Wainwright,Monckton,Male,6/12/1971,Data Coordinator,Research and Development,7/7/2016,wmoncktonqe@bloomberg.com,3066081
952,Dalila,Testo,Female,3/3/1999,Actuary,Legal,11/27/2011,dtestoqf@squarespace.com,5297457
953,Sonny,Durtnal,Male,5/2/1999,Social Worker,Sales,7/29/2011,sdurtnalqg@bigcartel.com,1387079
954,Udale,Roan,Genderfluid,5/28/1994,Budget/Accounting Analyst III,Human Resources,1/5/2011,uroanqh@etsy.com,2091066
955,Clovis,Dixcey,Non-binary,5/11/1988,Nurse Practicioner,Human Resources,2/6/2010,cdixceyqi@hatena.ne.jp,9592955
956,Julie,Mahomet,Male,10/22/1977,Programmer III,Engineering,4/17/2018,jmahometqj@elegantthemes.com,6295713
957,Gardener,Follows,Male,7/3/1979,Administrative Assistant III,Training,6/8/2017,gfollowsqk@amazon.co.uk,1891985
958,Modestine,Mynett,Female,7/18/1960,Professor,Sales,12/14/2016,mmynettql@over-blog.com,4711688
959,Kelci,Knocker,Female,3/22/1995,Assistant Professor,Marketing,8/31/2020,kknockerqm@plala.or.jp,2961284
960,Chrissy,Caddan,Female,6/14/1970,Tax Accountant,Engineering,4/11/2019,ccaddanqn@cafepress.com,245670
961,Tannie,Clipsham,Male,2/6/1987,Legal Assistant,Research and Development,7/27/2012,tclipshamqo@shop-pro.jp,52421
962,Kimbell,Andrusyak,Male,5/21/1958,Senior Quality Engineer,Product Management,11/5/2019,kandrusyakqp@prweb.com,2957004
963,Maia,Messitt,Female,4/3/1976,Associate Professor,Accounting,8/11/2019,mmessittqq@time.com,983578
964,Juli,Redsell,Female,5/18/1996,Account Executive,Sales,11/13/2016,jredsellqr@tripod.com,1826851
965,Giulietta,Skerrett,Female,12/24/1970,Account Executive,Services,2/27/2018,gskerrettqs@symantec.com,316922
966,Mick,Knowlys,Male,3/31/1986,Pharmacist,Marketing,7/30/2015,mknowlysqt@youtube.com,9203656
967,Ted,Crosthwaite,Male,3/19/1961,Analog Circuit Design manager,Business Development,10/24/2017,tcrosthwaitequ@bizjournals.com,8105454
968,Benoit,Dodgshon,Male,5/9/1989,Administrative Assistant IV,Engineering,8/19/2014,bdodgshonqv@wisc.edu,3282391
969,Carlin,Mossdale,Male,11/19/1984,Occupational Therapist,Human Resources,9/8/2020,cmossdaleqw@miitbeian.gov.cn,4589247
970,Seumas,Fairleigh,Male,10/19/1988,Systems Administrator I,Business Development,3/20/2011,sfairleighqx@slideshare.net,4406767
971,Abigale,Borgesio,Female,3/6/1995,Professor,Product Management,1/20/2018,aborgesioqy@tuttocitta.it,9061497
972,Alaric,Winckworth,Male,10/15/1989,Senior Quality Engineer,Human Resources,4/4/2012,awinckworthqz@toplist.cz,8078365
973,Leela,Sames,Female,2/16/1972,Electrical Engineer,Sales,12/6/2020,lsamesr0@purevolume.com,7306807
974,Adan,Dikle,Female,2/27/1976,Librarian,Legal,12/24/2014,adikler1@1688.com,1706621
975,Jemima,Aasaf,Female,5/15/1990,Senior Editor,Training,8/7/2013,jaasafr2@networkadvertising.org,5931055
976,Cinderella,Carter,Female,10/29/1959,Recruiting Manager,Human Resources,10/23/2020,ccarterr3@miitbeian.gov.cn,9073827
977,Cathrine,Nuss,Female,6/11/1996,Senior Quality Engineer,Sales,3/10/2016,cnussr4@vk.com,5972829
978,Quinton,Kelshaw,Agender,4/20/1981,Marketing Manager,Support,1/18/2021,qkelshawr5@infoseek.co.jp,9588050
979,Leticia,Bonnier,Female,8/28/1973,Quality Engineer,Product Management,5/24/2011,lbonnierr6@dyndns.org,2471627
980,Romain,Sponer,Male,1/10/1967,VP Marketing,Human Resources,9/18/2011,rsponerr7@zdnet.com,7936889
981,Lily,Beevor,Female,12/20/1970,Budget/Accounting Analyst II,Support,8/20/2015,lbeevorr8@weebly.com,1472770
982,Lockwood,Coat,Male,4/19/1991,Web Designer IV,Accounting,3/21/2015,lcoatr9@uiuc.edu,9741413
983,Warden,Pirnie,Male,7/1/1966,Account Coordinator,Human Resources,9/9/2016,wpirniera@usatoday.com,9975697
984,Jess,Wandrey,Female,3/2/1950,Web Designer III,Accounting,4/15/2021,jwandreyrb@amazon.de,6753771
985,Teddy,Danilchenko,Female,7/29/1986,Web Developer III,Legal,12/20/2011,tdanilchenkorc@vinaora.com,9381693
986,Carine,Croad,Female,4/16/1986,Web Designer IV,Accounting,1/17/2017,ccroadrd@jimdo.com,4902550
987,Wrennie,McMurray,Female,10/15/1955,Budget/Accounting Analyst III,Services,5/28/2016,wmcmurrayre@admin.ch,5558556
988,Madelin,Caren,Female,7/30/1993,Compensation Analyst,Support,6/20/2015,mcarenrf@joomla.org,8477417
989,Hughie,Berthouloume,Male,10/18/1997,Professor,Training,12/15/2011,hberthouloumerg@newsvine.com,3036450
990,Claus,Devonport,Male,10/8/1967,GIS Technical Architect,Research and Development,10/15/2016,cdevonportrh@discuz.net,3768113
991,Garey,Athowe,Male,2/4/1999,Budget/Accounting Analyst III,Legal,12/19/2018,gathoweri@constantcontact.com,6929197
992,Zacharie,Jachimczak,Male,6/27/1964,Teacher,Services,3/14/2010,zjachimczakrj@answers.com,8280768
993,Tades,MacKnocker,Male,10/29/1985,Pharmacist,Product Management,7/27/2020,tmacknockerrk@hud.gov,6365031
994,Oswald,Darling,Non-binary,12/11/1966,Recruiting Manager,Product Management,11/5/2020,odarlingrl@bbb.org,2158109
995,Wallas,Fackney,Male,10/25/1989,Web Developer I,Human Resources,7/3/2015,wfackneyrm@elpais.com,8482428
996,Alisun,McCurtin,Female,9/5/1976,General Manager,Marketing,9/5/2013,amccurtinrn@arizona.edu,3066036
997,Rex,Anthes,Male,11/25/1951,Health Coach III,Human Resources,4/9/2016,ranthesro@constantcontact.com,3641969
998,Denni,Butterfint,Polygender,11/19/1979,Environmental Specialist,Training,11/24/2021,dbutterfintrp@hhs.gov,6915903
999,Eden,Stuttman,Female,4/4/1986,Quality Control Specialist,Accounting,7/16/2010,estuttmanrq@yale.edu,3854417
1000,Kelcie,Davenhall,Polygender,7/9/1974,Assistant Professor,Human Resources,4/14/2010,kdavenhallrr@google.com.au,6150194
